Goal;Target;Indicator;SeriesCode;SeriesDescription;GeoAreaCode;GeoAreaName;Reporting Type;Units;2000;2001;2002;2003;2004;2005;2006;2007;2008;2009;2010;2011;2012;2013;2014;2015;2016;2017;2018;2019;2020;2021;;;;;;;;;;;;;;;;;;;;;
7;7.2;7.2.1;EG_FEC_RNEW;Renewable energy share in the total final energy consumption (%);4;Afghanistan;G;PERCENT;44.99;45.6;37.83;36.66;44.24;33.88;31.89;28.78;21.17;16.53;15.15;12.61;15.36;16.89;19.06;17.69;20.18;19.48;18.28;18.87;18.21;19.98;;;;;;;;;;;;;;;;;;;;;
7;7.2;7.2.1;EG_FEC_RNEW;Renewable energy share in the total final energy consumption (%);2;Africa;G;PERCENT;60.66;60.07;59.7;59.11;58.84;57.76;57.62;56.57;56.41;56.41;56.47;56.32;55.14;54.5;54.39;54.65;54.61;54.33;53.83;54.71;56.76;55.46;;;;;;;;;;;;;;;;;;;;;
7;7.2;7.2.1;EG_FEC_RNEW;Renewable energy share in the total final energy consumption (%);8;Albania;G;PERCENT;41.36;39.04;35.82;33.67;35.84;36.77;31.62;32;35.79;37.09;36.99;35.84;39.91;41.14;38.56;38.49;39.44;36.94;37.83;40.11;44.4;41.91;;;;;;;;;;;;;;;;;;;;;
7;7.2;7.2.1;EG_FEC_RNEW;Renewable energy share in the total final energy consumption (%);12;Algeria;G;PERCENT;0.43;0.43;0.51;0.47;0.44;0.58;0.41;0.41;0.3;0.31;0.26;0.18;0.18;0.13;0.07;0.06;0.08;0.14;0.19;0.16;0.15;0.12;;;;;;;;;;;;;;;;;;;;;
7;7.2;7.2.1;EG_FEC_RNEW;Renewable energy share in the total final energy consumption (%);16;American Samoa;G;PERCENT;0;0;0;0;0;0;0;0;0;0;0;0;0.09;0.16;0.16;0.17;0.21;0.35;0.35;0.36;0.38;0.39;;;;;;;;;;;;;;;;;;;;;
7;7.2;7.2.1;EG_FEC_RNEW;Renewable energy share in the total final energy consumption (%);19;Americas;G;PERCENT;11.69;11.1;11.41;11.83;12.09;12.54;13.04;13.17;13.76;14.44;14.26;15.02;15.21;15.39;15.41;15.47;15.93;16.38;16.43;16.75;18.34;17.65;;;;;;;;;;;;;;;;;;;;;
7;7.2;7.2.1;EG_FEC_RNEW;Renewable energy share in the total final energy consumption (%);20;Andorra;G;PERCENT;14.51;15.39;15.83;16.52;16.57;16.61;17.57;16.56;17.02;17.13;18.67;18.55;18.76;19.14;19.45;19.05;18.94;17.98;17.64;17.19;20.89;18.39;;;;;;;;;;;;;;;;;;;;;
7;7.2;7.2.1;EG_FEC_RNEW;Renewable energy share in the total final energy consumption (%);24;Angola;G;PERCENT;73.84;72.75;70.83;65.57;62.34;68.86;62.62;58.92;55.42;53;53.06;51.66;48.98;46.78;47.45;47.12;48.07;52.55;52.5;50.97;60.15;52.88;;;;;;;;;;;;;;;;;;;;;
7;7.2;7.2.1;EG_FEC_RNEW;Renewable energy share in the total final energy consumption (%);660;Anguilla;G;PERCENT;0.23;0.21;0.22;0.21;0.18;0.17;0.15;0.15;0.15;0.15;0.14;0.15;0.15;0.16;0.41;0.35;0.66;0.69;0.61;0.72;0.78;0.77;;;;;;;;;;;;;;;;;;;;;
7;7.2;7.2.1;EG_FEC_RNEW;Renewable energy share in the total final energy consumption (%);28;Antigua and Barbuda;G;PERCENT;0;0;0;0;0;0;0;0;0;0;0;0.06;0.11;0.11;0.11;0.36;0.45;0.45;0.7;0.69;0.92;0.9;;;;;;;;;;;;;;;;;;;;;
7;7.2;7.2.1;EG_FEC_RNEW;Renewable energy share in the total final energy consumption (%);32;Argentina;G;PERCENT;9.85;11.51;11.62;10.82;9.29;9.64;9.18;7.72;7.65;8.59;8.79;8.83;8.61;8.91;9.79;9.4;9.38;10.37;10.52;10.74;9.84;9.24;;;;;;;;;;;;;;;;;;;;;
7;7.2;7.2.1;EG_FEC_RNEW;Renewable energy share in the total final energy consumption (%);51;Armenia;G;PERCENT;7.16;5.42;8.9;9.81;8.71;6.49;7.65;7.02;6.4;7.8;9.36;8.01;6.56;6.77;7.08;10.74;13.15;12.56;11.13;10.34;8.38;9.13;;;;;;;;;;;;;;;;;;;;;
7;7.2;7.2.1;EG_FEC_RNEW;Renewable energy share in the total final energy consumption (%);533;Aruba;G;PERCENT;0.18;0.18;0.18;0.18;0.19;0.19;0.19;0.19;0.19;0.3;5.46;5.66;6.86;6.89;6.93;6.73;6.96;6.77;8.57;8.29;9.11;8.76;;;;;;;;;;;;;;;;;;;;;
7;7.2;7.2.1;EG_FEC_RNEW;Renewable energy share in the total final energy consumption (%);142;Asia;G;PERCENT;24.21;23.68;23.03;21.98;20.39;19.09;18.5;17.53;17.06;16.6;15.8;15.13;15.1;15.16;15.29;15.2;15.4;15.57;15.85;16.18;16.81;16.81;;;;;;;;;;;;;;;;;;;;;
7;7.2;7.2.1;EG_FEC_RNEW;Renewable energy share in the total final energy consumption (%);36;Australia;G;PERCENT;8.42;8.37;8.74;7.15;6.68;6.71;6.85;6.95;6.79;7.14;8.16;8.32;8.3;9.22;9.33;9.42;9.58;9.87;9.83;10.32;11.17;12.32;;;;;;;;;;;;;;;;;;;;;
7;7.2;7.2.1;EG_FEC_RNEW;Renewable energy share in the total final energy consumption (%);53;Australia and New Zealand;G;PERCENT;10.9;10.56;11.31;9.86;9.76;9.54;9.66;9.7;9.4;9.97;10.99;11.18;10.97;11.72;11.97;12.14;12.37;12.43;12.43;12.79;13.53;14.56;;;;;;;;;;;;;;;;;;;;;
7;7.2;7.2.1;EG_FEC_RNEW;Renewable energy share in the total final energy consumption (%);40;Austria;G;PERCENT;26.43;25.53;24.68;22.56;23.17;24.41;26.64;28.99;29.68;31.31;31.15;31.64;34.37;34.58;35.67;34.82;34.63;33.97;34.09;33.99;35.77;36;;;;;;;;;;;;;;;;;;;;;
7;7.2;7.2.1;EG_FEC_RNEW;Renewable energy share in the total final energy consumption (%);31;Azerbaijan;G;PERCENT;2.07;1.75;2.35;2.94;3.07;3.36;2.86;3.78;3.08;3.27;4.45;3.55;2.84;2.52;2.12;2.33;1.93;1.9;1.92;1.69;1.29;1.32;;;;;;;;;;;;;;;;;;;;;
7;7.2;7.2.1;EG_FEC_RNEW;Renewable energy share in the total final energy consumption (%);44;Bahamas;G;PERCENT;0;0.42;0.38;1.54;1.59;1.71;2.01;3.54;1.97;1.53;1.3;1.44;1.41;1.42;1.37;1.38;1.25;1.11;1.12;1.09;1.44;1.11;;;;;;;;;;;;;;;;;;;;;
7;7.2;7.2.1;EG_FEC_RNEW;Renewable energy share in the total final energy consumption (%);48;Bahrain;G;PERCENT;0;0;0;0;0;0;0;0;0;0;0;0;0;0;0;0;0;0;0.02;0.02;0.02;0.02;;;;;;;;;;;;;;;;;;;;;
7;7.2;7.2.1;EG_FEC_RNEW;Renewable energy share in the total final energy consumption (%);50;Bangladesh;G;PERCENT;60.18;55.93;54.44;52.59;52.01;50.61;48.65;47.16;45.16;43.07;40.28;38.41;37.33;37;35.39;33.09;30.23;28.1;27.04;26.09;27.24;25.04;;;;;;;;;;;;;;;;;;;;;
7;7.2;7.2.1;EG_FEC_RNEW;Renewable energy share in the total final energy consumption (%);52;Barbados;G;PERCENT;11.87;10.81;9.78;8.62;8.66;8.69;8.82;8.56;7.63;8.46;8.21;4.14;3.82;3.13;2.99;3.01;2.84;4.35;4.89;3.44;4.7;5.46;;;;;;;;;;;;;;;;;;;;;
7;7.2;7.2.1;EG_FEC_RNEW;Renewable energy share in the total final energy consumption (%);112;Belarus;G;PERCENT;5.65;6.26;6.52;6.25;6.27;6.83;7.2;7.28;7.08;7.39;7.29;7.52;7.24;6.97;6.69;6.82;6.72;7.28;7.21;7.81;8.39;8.22;;;;;;;;;;;;;;;;;;;;;
7;7.2;7.2.1;EG_FEC_RNEW;Renewable energy share in the total final energy consumption (%);56;Belgium;G;PERCENT;1.44;1.58;1.68;1.89;2.05;2.48;2.88;3.43;3.98;4.92;6.24;6.69;7.68;8.26;9.13;9.4;9.2;9.66;10.65;10.23;12.31;11.68;;;;;;;;;;;;;;;;;;;;;
7;7.2;7.2.1;EG_FEC_RNEW;Renewable energy share in the total final energy consumption (%);84;Belize;G;PERCENT;34.55;23.91;25.66;24.37;26.29;25.64;32.74;28.03;29.82;25.15;29.43;42.18;47.91;37.95;37.43;30.32;33.27;37.24;35.53;30.43;31.4;26.56;;;;;;;;;;;;;;;;;;;;;
7;7.2;7.2.1;EG_FEC_RNEW;Renewable energy share in the total final energy consumption (%);204;Benin;G;PERCENT;70.29;66.86;64.04;61.73;60.69;59.2;57.31;54.49;54.76;52.83;47.19;48.7;50.33;51.97;51.05;49.94;45.42;45.38;43.97;46.47;46.2;54.52;;;;;;;;;;;;;;;;;;;;;
7;7.2;7.2.1;EG_FEC_RNEW;Renewable energy share in the total final energy consumption (%);60;Bermuda;G;PERCENT;0.46;0.54;0.51;0.51;0.52;0.49;0.44;0.5;0.46;0.43;0.43;0.42;0.44;1.47;0.43;0.55;1.09;0.63;0.68;0.77;0.91;0.9;;;;;;;;;;;;;;;;;;;;;
7;7.2;7.2.1;EG_FEC_RNEW;Renewable energy share in the total final energy consumption (%);64;Bhutan;G;PERCENT;91.4;90.18;89.68;89.65;90.91;88.66;91.6;91.98;87.77;87.75;84.76;84.86;82.81;81.73;82.14;81.58;80.79;79.65;80.02;80.98;83.91;81.81;;;;;;;;;;;;;;;;;;;;;
7;7.2;7.2.1;EG_FEC_RNEW;Renewable energy share in the total final energy consumption (%);68;Bolivia (Plurinational State of);G;PERCENT;29.17;28.99;28.13;27.01;25.8;24.65;23.7;22.07;21.3;20.62;19.93;18.1;17.36;16.02;15.03;14.22;13.62;14.29;14.33;13.52;16.87;12.76;;;;;;;;;;;;;;;;;;;;;
7;7.2;7.2.1;EG_FEC_RNEW;Renewable energy share in the total final energy consumption (%);535;Bonaire, Sint Eustatius and Saba;G;PERCENT;NaN;NaN;NaN;NaN;NaN;NaN;NaN;NaN;NaN;NaN;NaN;NaN;11.92;13.38;14.3;13.65;12.33;11.22;14.16;12.41;10.37;11.51;;;;;;;;;;;;;;;;;;;;;
7;7.2;7.2.1;EG_FEC_RNEW;Renewable energy share in the total final energy consumption (%);70;Bosnia and Herzegovina;G;PERCENT;19.35;20.27;21.21;20.14;20.1;19.73;18.12;14.84;14.28;17.43;19.57;14.16;15.28;19.48;23.65;25.25;23;18.49;35.36;36.84;37.71;36.61;;;;;;;;;;;;;;;;;;;;;
7;7.2;7.2.1;EG_FEC_RNEW;Renewable energy share in the total final energy consumption (%);72;Botswana;G;PERCENT;38.46;37.51;36.13;36.21;34.34;33;31.77;29.04;27.79;28.89;29.87;28.91;27.76;26.71;25.84;26.11;26.7;26.68;25.62;26.25;27.69;27.36;;;;;;;;;;;;;;;;;;;;;
7;7.2;7.2.1;EG_FEC_RNEW;Renewable energy share in the total final energy consumption (%);76;Brazil;G;PERCENT;42.67;41.34;42.87;45.13;45.2;46.15;46.7;47.22;47.04;48.92;46.8;45.25;43.46;42.3;41.74;43.66;45.42;45.26;46.88;47.52;50;46.48;;;;;;;;;;;;;;;;;;;;;
7;7.2;7.2.1;EG_FEC_RNEW;Renewable energy share in the total final energy consumption (%);92;British Virgin Islands;G;PERCENT;0.87;0.86;0.84;0.79;0.77;0.76;0.72;0.71;0.71;0.73;0.71;0.9;0.91;0.98;1.02;1.01;1.01;1.15;1.24;1.16;1.32;1.31;;;;;;;;;;;;;;;;;;;;;
7;7.2;7.2.1;EG_FEC_RNEW;Renewable energy share in the total final energy consumption (%);96;Brunei Darussalam;G;PERCENT;0;0;0;0;0;0;0;0;0;0;0;0.02;0.01;0.01;0.01;0.01;0.01;0.01;0.01;0.01;0.01;0.03;;;;;;;;;;;;;;;;;;;;;
7;7.2;7.2.1;EG_FEC_RNEW;Renewable energy share in the total final energy consumption (%);100;Bulgaria;G;PERCENT;7.97;7.24;8.7;9.16;9.55;9.83;9.96;8.85;9.94;11.62;14.27;13.22;15.61;18.25;17.15;17.85;17.71;17.11;19.59;19.3;21.1;20.38;;;;;;;;;;;;;;;;;;;;;
7;7.2;7.2.1;EG_FEC_RNEW;Renewable energy share in the total final energy consumption (%);854;Burkina Faso;G;PERCENT;83.9;81.66;81.85;80.82;81.98;85.45;84.85;82.93;83.49;83.31;82.06;81.39;79.17;78.72;78.88;78.81;77.08;74.63;73.7;72.69;73.14;71.16;;;;;;;;;;;;;;;;;;;;;
7;7.2;7.2.1;EG_FEC_RNEW;Renewable energy share in the total final energy consumption (%);108;Burundi;G;PERCENT;93.23;94.7;94.64;95.76;96.04;96.01;95.3;95.29;94.95;94.61;93.23;92.11;91.73;90.79;91.31;91.18;89.58;88.19;85.65;84.85;83.44;83.14;;;;;;;;;;;;;;;;;;;;;
7;7.2;7.2.1;EG_FEC_RNEW;Renewable energy share in the total final energy consumption (%);132;Cabo Verde;G;PERCENT;27.88;25.97;25.98;24.83;24.38;23.88;21.18;21.04;23.81;22.08;21.22;20.78;24.26;25.94;26.11;26.35;23.93;21.81;21.86;19.69;23.44;22.64;;;;;;;;;;;;;;;;;;;;;
7;7.2;7.2.1;EG_FEC_RNEW;Renewable energy share in the total final energy consumption (%);116;Cambodia;G;PERCENT;81.58;80.51;80.97;79.92;80.69;79.24;78.01;74.79;74.13;68.04;64.82;63.99;64.36;64.97;63.7;60.63;58;56.32;58.15;53.05;51.42;52.38;;;;;;;;;;;;;;;;;;;;;
7;7.2;7.2.1;EG_FEC_RNEW;Renewable energy share in the total final energy consumption (%);120;Cameroon;G;PERCENT;84.59;85.3;85.25;85.3;85.54;86.31;85.51;80.82;80.82;79.22;78.74;78.63;78.57;77.68;76.88;78.06;78.82;79.24;78.65;78.9;78.93;79.24;;;;;;;;;;;;;;;;;;;;;
7;7.2;7.2.1;EG_FEC_RNEW;Renewable energy share in the total final energy consumption (%);124;Canada;G;PERCENT;20.26;19.82;20.11;19.74;20.37;21.61;21.51;21.62;21.61;22.23;21.4;21.47;21.8;22.23;22.2;22.27;22.09;22.84;22.31;22.39;23.9;23.84;;;;;;;;;;;;;;;;;;;;;
7;7.2;7.2.1;EG_FEC_RNEW;Renewable energy share in the total final energy consumption (%);29;Caribbean;G;PERCENT;25.39;24.98;24.01;23.38;23.46;20.77;18.91;17.89;18.48;19.25;18.16;19.98;20.35;19.98;21.25;20.46;20.36;21.79;21.83;21.16;22.79;20.99;;;;;;;;;;;;;;;;;;;;;
7;7.2;7.2.1;EG_FEC_RNEW;Renewable energy share in the total final energy consumption (%);136;Cayman Islands;G;PERCENT;0;0;0;0;0;0;0;0;0;0.01;0.01;0.02;0.01;0.01;0.01;0.01;0.01;0.01;0.01;0;0.01;0.01;;;;;;;;;;;;;;;;;;;;;
7;7.2;7.2.1;EG_FEC_RNEW;Renewable energy share in the total final energy consumption (%);140;Central African Republic;G;PERCENT;88.9;88.92;89.22;90.25;90.64;90.96;90.8;90.88;93.64;93.91;93.84;93.33;93.07;95.08;94.82;92.86;92.11;91.58;91.42;91.26;90.88;90.92;;;;;;;;;;;;;;;;;;;;;
7;7.2;7.2.1;EG_FEC_RNEW;Renewable energy share in the total final energy consumption (%);13;Central America;G;PERCENT;18.06;17.24;17.15;16.65;16.88;17.07;16.61;16.19;16.44;16.2;16.49;16.03;16.15;16.41;16.97;16.44;16.55;17.2;17.76;17.48;20.83;21.15;;;;;;;;;;;;;;;;;;;;;
7;7.2;7.2.1;EG_FEC_RNEW;Renewable energy share in the total final energy consumption (%);62;Central and Southern Asia;G;PERCENT;34.39;34.34;33.56;33.19;32.32;31.86;31.02;29.59;28.5;28.06;27.48;26.66;26.8;27.04;26.6;26.55;26.1;25.8;26.26;26.29;27.24;26.61;;;;;;;;;;;;;;;;;;;;;
7;7.2;7.2.1;EG_FEC_RNEW;Renewable energy share in the total final energy consumption (%);143;Central Asia;G;PERCENT;3.59;3.4;3.49;3.67;3.29;3.9;3.51;3.29;2.39;2.83;2.83;2.78;3.05;2.79;3.06;3.35;3.36;3.55;3.57;3.58;3.14;3.23;;;;;;;;;;;;;;;;;;;;;
7;7.2;7.2.1;EG_FEC_RNEW;Renewable energy share in the total final energy consumption (%);148;Chad;G;PERCENT;88.7;88.6;88.53;83.91;84;83.82;83.74;82.38;79.85;79.36;79.23;80.68;76.08;72.62;72.52;72.66;72.72;72.84;73.13;72.75;71.89;69.9;;;;;;;;;;;;;;;;;;;;;
7;7.2;7.2.1;EG_FEC_RNEW;Renewable energy share in the total final energy consumption (%);152;Chile;G;PERCENT;31.36;32.15;33.07;31.62;31.44;32.26;32.91;30.46;30.83;31.53;27.04;28.79;30.31;30.23;26.95;25.06;24.55;24.1;25.46;25.27;26.73;24.17;;;;;;;;;;;;;;;;;;;;;
7;7.2;7.2.1;EG_FEC_RNEW;Renewable energy share in the total final energy consumption (%);156;China;G;PERCENT;29.63;28.36;27;23.86;20.17;17.44;16.39;14.88;14.14;13.43;12.26;11.34;11.53;11.47;11.91;12.18;12.56;13.13;13.53;14.29;14.91;15.21;;;;;;;;;;;;;;;;;;;;;
7;7.2;7.2.1;EG_FEC_RNEW;Renewable energy share in the total final energy consumption (%);344;China, Hong Kong Special Administrative Region;G;PERCENT;0.05;0.06;0.08;0.08;0.09;0.08;0.07;0.1;0.13;0.11;0.15;0.48;0.17;0.26;0.23;0.2;0.16;0.2;0.23;0.23;0.33;0.42;;;;;;;;;;;;;;;;;;;;;
7;7.2;7.2.1;EG_FEC_RNEW;Renewable energy share in the total final energy consumption (%);446;China, Macao Special Administrative Region;G;PERCENT;0.19;0.89;1.38;2.44;2.52;2.28;2.84;3.42;4.66;2.97;5.49;6.37;11.13;16.61;11.45;5.41;5.38;3.87;8.43;8.43;11.03;13.61;;;;;;;;;;;;;;;;;;;;;
7;7.2;7.2.1;EG_FEC_RNEW;Renewable energy share in the total final energy consumption (%);170;Colombia;G;PERCENT;27.85;27.08;28.63;30.55;29.04;28.94;30.62;31.03;30.77;31.39;30.55;29.64;29.56;32.01;32.09;31.09;30.46;32.25;30.45;31.54;31.95;29.7;;;;;;;;;;;;;;;;;;;;;
7;7.2;7.2.1;EG_FEC_RNEW;Renewable energy share in the total final energy consumption (%);174;Comoros;G;PERCENT;69.87;69.51;70.31;64.4;63.52;65.74;61.81;74.37;73.44;68.53;66.02;68.99;68.28;63.56;67.95;67.03;63.97;59.45;57.68;55.31;50.83;41.19;;;;;;;;;;;;;;;;;;;;;
7;7.2;7.2.1;EG_FEC_RNEW;Renewable energy share in the total final energy consumption (%);178;Congo;G;PERCENT;64.86;61.18;68.62;62.1;63.06;63.06;69.35;60.25;56.79;55.87;54.53;64.35;65.11;62.31;62.06;64.25;67.71;69.82;70.57;69.8;71.36;71.38;;;;;;;;;;;;;;;;;;;;;
7;7.2;7.2.1;EG_FEC_RNEW;Renewable energy share in the total final energy consumption (%);184;Cook Islands;G;PERCENT;9.28;9.9;12.25;11.07;10.4;9.42;8.42;8.71;8.42;9.01;7.25;6.52;6.17;6.32;6.26;7.18;7.74;8;9.39;9.02;9.94;8.76;;;;;;;;;;;;;;;;;;;;;
7;7.2;7.2.1;EG_FEC_RNEW;Renewable energy share in the total final energy consumption (%);188;Costa Rica;G;PERCENT;32.95;32.1;32.54;33.3;39.16;41.73;42.4;41.18;40.7;40.72;40.39;38.02;38.06;37.8;37.62;38.33;34.09;33.31;33.12;33.4;36.4;34.16;;;;;;;;;;;;;;;;;;;;;
7;7.2;7.2.1;EG_FEC_RNEW;Renewable energy share in the total final energy consumption (%);384;Côte d'Ivoire;G;PERCENT;63.72;64.73;65.32;70.32;75.4;77.92;74.79;76.33;74.21;73.71;75.42;79.11;74.9;72.16;71.91;64.51;64.04;62.54;60.51;61.06;61.78;58.17;;;;;;;;;;;;;;;;;;;;;
7;7.2;7.2.1;EG_FEC_RNEW;Renewable energy share in the total final energy consumption (%);191;Croatia;G;PERCENT;26.83;26.92;24.64;24.82;26.59;26.8;25.51;22.66;24.15;27.16;29.76;27.17;29.41;32.83;33.61;33.09;31.83;29.79;32.83;31.61;32.37;34.07;;;;;;;;;;;;;;;;;;;;;
7;7.2;7.2.1;EG_FEC_RNEW;Renewable energy share in the total final energy consumption (%);192;Cuba;G;PERCENT;34.43;34.05;34.8;33.56;33.77;26.31;21.96;18.59;18.73;18.97;15.61;19.2;19.38;18.24;23.16;21.15;19.2;22;23.99;23.14;24.54;20.91;;;;;;;;;;;;;;;;;;;;;
7;7.2;7.2.1;EG_FEC_RNEW;Renewable energy share in the total final energy consumption (%);531;Curaçao;G;PERCENT;0.07;0.63;0.6;0.61;0.61;0.6;0.59;0.58;0.51;0.5;0.5;0.5;0.57;1.12;1.36;1.3;1.42;1.85;2.55;2.52;2.84;2.75;;;;;;;;;;;;;;;;;;;;;
7;7.2;7.2.1;EG_FEC_RNEW;Renewable energy share in the total final energy consumption (%);196;Cyprus;G;PERCENT;3.08;3.03;3.16;3.24;3.28;3.35;3.49;4.32;5.66;6.29;6.5;7.6;8.6;9.73;9.49;10.41;10.27;10.94;12.02;11.97;15.02;15.63;;;;;;;;;;;;;;;;;;;;;
7;7.2;7.2.1;EG_FEC_RNEW;Renewable energy share in the total final energy consumption (%);203;Czechia;G;PERCENT;5.94;6.29;7.28;6.72;7.13;7.53;7.88;8.32;8.99;10.25;10.95;12.16;12.8;13.95;14.85;14.83;14.77;14.46;14.71;15.88;16.98;17.16;;;;;;;;;;;;;;;;;;;;;
7;7.2;7.2.1;EG_FEC_RNEW;Renewable energy share in the total final energy consumption (%);408;Democratic People's Republic of Korea;G;PERCENT;8.72;8.62;9.02;9.26;9.37;9.23;8.96;10.9;10.19;10.36;11.01;14.79;15.41;20.83;18.5;22.64;24.02;10.22;11.89;10.04;11.15;14.72;;;;;;;;;;;;;;;;;;;;;
7;7.2;7.2.1;EG_FEC_RNEW;Renewable energy share in the total final energy consumption (%);180;Democratic Republic of the Congo;G;PERCENT;97.94;98.34;98.27;97.97;97.88;97.42;97.33;97.17;96.97;97.02;96.81;96.21;95.47;93.92;92.87;95.82;97.05;96.72;96.41;96.32;96.2;96.33;;;;;;;;;;;;;;;;;;;;;
7;7.2;7.2.1;EG_FEC_RNEW;Renewable energy share in the total final energy consumption (%);208;Denmark;G;PERCENT;10.73;11.12;11.86;12.72;14.44;16.12;15.26;17.69;18.54;19.33;21.2;23.83;26.93;27.05;30.19;32.53;31.95;35.02;34.56;37.25;39.45;39.52;;;;;;;;;;;;;;;;;;;;;
7;7.2;7.2.1;EG_FEC_RNEW;Renewable energy share in the total final energy consumption (%);514;Developed regions (Europe, Cyprus, Israel, Northern America, Japan, Australia & New Zealand);G;PERCENT;7.09;6.75;6.83;7.03;7.26;7.64;8.01;8.34;8.81;9.46;9.65;10.06;10.58;11.09;11.29;11.44;11.67;11.95;12.27;12.63;13.77;13.57;;;;;;;;;;;;;;;;;;;;;
7;7.2;7.2.1;EG_FEC_RNEW;Renewable energy share in the total final energy consumption (%);515;Developing regions;G;PERCENT;32.25;31.63;31.05;29.94;28.19;26.74;25.99;24.9;24.39;23.99;23;22.24;22.02;22.01;21.98;21.95;22.18;22.29;22.43;22.75;23.72;23.29;;;;;;;;;;;;;;;;;;;;;
7;7.2;7.2.1;EG_FEC_RNEW;Renewable energy share in the total final energy consumption (%);262;Djibouti;G;PERCENT;31.44;31.68;32.44;32.88;33.62;33.09;33.01;32.52;33.14;34.38;32.54;32.02;32.28;29.93;29.42;24.75;23.63;23.31;24.66;23.35;27.46;26.56;;;;;;;;;;;;;;;;;;;;;
7;7.2;7.2.1;EG_FEC_RNEW;Renewable energy share in the total final energy consumption (%);212;Dominica;G;PERCENT;11.06;9.41;13.6;10.56;11.4;10.02;9.82;7.75;7.96;7.48;10.28;13.8;11.33;11.41;9.86;8.68;10.74;9.66;7.89;7.62;8.58;8.83;;;;;;;;;;;;;;;;;;;;;
7;7.2;7.2.1;EG_FEC_RNEW;Renewable energy share in the total final energy consumption (%);214;Dominican Republic;G;PERCENT;19.11;18.89;17.94;18.94;20.67;19.44;17.98;17.89;17.68;17.34;16.91;16.75;16.48;16.55;17.28;14.88;15.31;16.87;15.95;14.4;15.97;14.82;;;;;;;;;;;;;;;;;;;;;
7;7.2;7.2.1;EG_FEC_RNEW;Renewable energy share in the total final energy consumption (%);14;Eastern Africa;G;PERCENT;87.93;88.17;88.52;88.91;88.91;88.75;88.29;87.98;88.23;88.09;87.34;87.11;86.31;85.77;85.2;84.34;83.64;83.74;83.19;82.85;84.22;82.92;;;;;;;;;;;;;;;;;;;;;
7;7.2;7.2.1;EG_FEC_RNEW;Renewable energy share in the total final energy consumption (%);753;Eastern and South-Eastern Asia;G;PERCENT;23.13;22.4;21.72;20.32;18.34;16.76;16.22;15.28;14.98;14.44;13.5;12.82;12.91;12.84;13.24;13.06;13.37;13.68;13.87;14.28;14.87;15.12;;;;;;;;;;;;;;;;;;;;;
7;7.2;7.2.1;EG_FEC_RNEW;Renewable energy share in the total final energy consumption (%);30;Eastern Asia;G;PERCENT;19.83;19.15;18.5;17.06;15.17;13.6;13.09;12.11;11.72;11.31;10.5;9.88;10.1;10.15;10.68;10.97;11.32;11.8;12.22;12.93;13.61;13.95;;;;;;;;;;;;;;;;;;;;;
7;7.2;7.2.1;EG_FEC_RNEW;Renewable energy share in the total final energy consumption (%);151;Eastern Europe;G;PERCENT;4.29;4.34;4.33;4.23;4.52;4.77;4.76;5;5.03;5.63;5.72;5.64;5.83;6.36;6.16;6.3;6.47;6.39;6.79;7;7.62;7.39;;;;;;;;;;;;;;;;;;;;;
7;7.2;7.2.1;EG_FEC_RNEW;Renewable energy share in the total final energy consumption (%);218;Ecuador;G;PERCENT;19.43;17.06;17.1;16.55;16.73;16.16;14.19;15.88;15.32;12.87;11.79;13.15;13.2;11.85;12.18;13.07;14.75;17.05;16.33;17.73;20.22;18.9;;;;;;;;;;;;;;;;;;;;;
7;7.2;7.2.1;EG_FEC_RNEW;Renewable energy share in the total final energy consumption (%);818;Egypt;G;PERCENT;8.26;7.82;7.35;7.45;7.57;6.48;6.22;6.05;5.88;5.65;5.37;5.43;5.29;5.28;5.38;5.28;5.07;4.93;5.03;6.24;6.71;6.11;;;;;;;;;;;;;;;;;;;;;
7;7.2;7.2.1;EG_FEC_RNEW;Renewable energy share in the total final energy consumption (%);222;El Salvador;G;PERCENT;33.51;33.11;34.02;33.85;33.33;34.08;34.76;28.24;31.5;32.2;32.62;29.52;30.27;27.54;23.95;21.02;20.7;24.98;23.21;19.38;23.7;21.91;;;;;;;;;;;;;;;;;;;;;
7;7.2;7.2.1;EG_FEC_RNEW;Renewable energy share in the total final energy consumption (%);226;Equatorial Guinea;G;PERCENT;45.85;46.12;31.31;29.49;7.2;7.1;6.99;8.49;7.23;9.24;5.74;5.58;4.42;3.68;4.88;5.54;4.78;5.02;4.85;7.4;6.51;5.25;;;;;;;;;;;;;;;;;;;;;
7;7.2;7.2.1;EG_FEC_RNEW;Renewable energy share in the total final energy consumption (%);232;Eritrea;G;PERCENT;76.79;74.85;74.69;75.05;69.79;74.69;77.29;79.1;81.36;81.65;80.9;77.07;78.42;79.65;80.48;81.19;81.4;81.64;80.8;80.55;80.89;80.66;;;;;;;;;;;;;;;;;;;;;
7;7.2;7.2.1;EG_FEC_RNEW;Renewable energy share in the total final energy consumption (%);233;Estonia;G;PERCENT;19.76;18.85;19.34;19.88;20;18.9;17.22;18.65;20.54;24.21;25.32;25.16;24.96;24.47;25.29;28.17;27.23;27.52;28.59;31.31;40.44;37.98;;;;;;;;;;;;;;;;;;;;;
7;7.2;7.2.1;EG_FEC_RNEW;Renewable energy share in the total final energy consumption (%);748;Eswatini;G;PERCENT;60.06;60.87;63.59;66.49;66.55;67.03;66.76;66.91;67.84;66.66;68.49;69.26;68.78;66.06;68.35;68.85;64.3;65.35;65.72;64.45;63.74;65.4;;;;;;;;;;;;;;;;;;;;;
7;7.2;7.2.1;EG_FEC_RNEW;Renewable energy share in the total final energy consumption (%);231;Ethiopia;G;PERCENT;95.51;94.55;94.49;94.19;94.09;94.69;94.51;94.13;94.06;94.17;94.11;93.55;93.26;92.45;91.45;91.5;90.45;90.77;89.97;89.29;90.72;90.63;;;;;;;;;;;;;;;;;;;;;
7;7.2;7.2.1;EG_FEC_RNEW;Renewable energy share in the total final energy consumption (%);150;Europe;G;PERCENT;7.39;7.37;7.29;7.36;7.68;8.15;8.45;9.19;9.66;10.57;10.98;10.94;11.9;12.56;12.82;13.15;13.19;13.33;13.9;14.32;15.74;15.32;;;;;;;;;;;;;;;;;;;;;
7;7.2;7.2.1;EG_FEC_RNEW;Renewable energy share in the total final energy consumption (%);513;Europe and Northern America;G;PERCENT;7.31;6.95;7;7.21;7.47;7.92;8.29;8.67;9.16;9.87;10.05;10.48;11.1;11.6;11.77;11.87;12.1;12.37;12.68;13.02;14.2;13.92;;;;;;;;;;;;;;;;;;;;;
7;7.2;7.2.1;EG_FEC_RNEW;Renewable energy share in the total final energy consumption (%);238;Falkland Islands (Malvinas);G;PERCENT;1.39;1.31;1.02;1.03;1.01;0.99;0.96;0.91;2.46;3.91;3.8;4.33;4.82;4.73;4.85;4.89;5.44;5.5;5.04;4.73;4.2;4.41;;;;;;;;;;;;;;;;;;;;;
7;7.2;7.2.1;EG_FEC_RNEW;Renewable energy share in the total final energy consumption (%);234;Faroe Islands;G;PERCENT;2.77;2.56;3.4;3.11;3.42;3.84;4.3;4.54;4.51;5.12;3.38;5;4.7;4.53;6.54;7.47;6.32;5.97;5.86;5.4;5.28;5.08;;;;;;;;;;;;;;;;;;;;;
7;7.2;7.2.1;EG_FEC_RNEW;Renewable energy share in the total final energy consumption (%);242;Fiji;G;PERCENT;50.06;40.44;48.98;40.83;35.72;40.02;39.07;36.04;42.13;41.62;27.95;33.38;33.26;32.81;33.17;32.74;27.68;28.55;25.8;26.48;31.79;29.7;;;;;;;;;;;;;;;;;;;;;
7;7.2;7.2.1;EG_FEC_RNEW;Renewable energy share in the total final energy consumption (%);246;Finland;G;PERCENT;31.68;29.25;29.52;28.35;31.1;31.52;31.25;31.8;34.61;32.46;33.42;35.12;38.7;38.52;41.25;43.23;42.37;44.35;44.25;45.39;47.3;50.22;;;;;;;;;;;;;;;;;;;;;
7;7.2;7.2.1;EG_FEC_RNEW;Renewable energy share in the total final energy consumption (%);250;France;G;PERCENT;9.27;9.4;8.68;8.85;8.9;8.61;8.47;9.39;10.54;11.25;11.93;10.64;12.34;13.41;13.15;13.29;14.22;14.08;15.17;15.48;16.81;16.25;;;;;;;;;;;;;;;;;;;;;
7;7.2;7.2.1;EG_FEC_RNEW;Renewable energy share in the total final energy consumption (%);254;French Guiana;G;PERCENT;23.84;25.92;30.37;22.96;26.4;28.5;33.88;30.67;35.05;25.89;29.4;NaN;NaN;NaN;NaN;NaN;NaN;NaN;NaN;NaN;NaN;NaN;;;;;;;;;;;;;;;;;;;;;
7;7.2;7.2.1;EG_FEC_RNEW;Renewable energy share in the total final energy consumption (%);258;French Polynesia;G;PERCENT;8.79;6.74;6.22;7.19;7.71;7.98;10.1;9.76;9.33;9.32;7.47;6.89;6.64;6.49;7.45;7.83;8.08;8.07;7.71;7.65;8.24;7.44;;;;;;;;;;;;;;;;;;;;;
7;7.2;7.2.1;EG_FEC_RNEW;Renewable energy share in the total final energy consumption (%);266;Gabon;G;PERCENT;72.78;72.42;79.82;83.63;85.78;85.25;86.16;87.35;87.32;87.94;85.83;79.7;75.48;82.18;81.29;81.94;81.49;90.25;90.29;90.23;91.26;91.27;;;;;;;;;;;;;;;;;;;;;
7;7.2;7.2.1;EG_FEC_RNEW;Renewable energy share in the total final energy consumption (%);270;Gambia;G;PERCENT;62.86;59.61;60.97;62.41;61.25;61.71;60.21;57.27;56.28;53.91;56.6;56.24;56.95;59.33;53.17;48.95;48.62;48.02;48.14;47.39;49.8;48.58;;;;;;;;;;;;;;;;;;;;;
7;7.2;7.2.1;EG_FEC_RNEW;Renewable energy share in the total final energy consumption (%);268;Georgia;G;PERCENT;47.25;53.15;56.76;55.33;54.53;41.48;37.22;36.22;36.3;36.72;39.15;31.53;28.69;32.41;30.69;27.54;27.18;27.52;27.37;24.69;23.45;25.18;;;;;;;;;;;;;;;;;;;;;
7;7.2;7.2.1;EG_FEC_RNEW;Renewable energy share in the total final energy consumption (%);276;Germany;G;PERCENT;3.7;3.9;4.41;5.44;6.34;7.28;8.59;10.47;10.25;10.72;11.61;12.54;13.64;13.63;14.02;14.55;14.24;15.22;16.04;17.07;18.52;17.61;;;;;;;;;;;;;;;;;;;;;
7;7.2;7.2.1;EG_FEC_RNEW;Renewable energy share in the total final energy consumption (%);288;Ghana;G;PERCENT;71.62;69.32;65.68;64.47;62.38;61.43;58.56;54.53;57.34;51.9;51.91;50.09;46.5;46.19;47.69;44.02;45.22;45.28;42.13;42.6;39.99;39.05;;;;;;;;;;;;;;;;;;;;;
7;7.2;7.2.1;EG_FEC_RNEW;Renewable energy share in the total final energy consumption (%);292;Gibraltar;G;PERCENT;0;0;0;0;0;0;0;0;0;0;0;0;0;0;0;0;0;0;0;0;0;0;;;;;;;;;;;;;;;;;;;;;
7;7.2;7.2.1;EG_FEC_RNEW;Renewable energy share in the total final energy consumption (%);300;Greece;G;PERCENT;7.82;7.11;7.33;7.6;7.85;8.01;8.51;8.05;8.32;9.18;11.38;11.38;14.17;16.61;16.41;17.47;16.42;16.4;17.87;18.54;20.09;21.47;;;;;;;;;;;;;;;;;;;;;
7;7.2;7.2.1;EG_FEC_RNEW;Renewable energy share in the total final energy consumption (%);304;Greenland;G;PERCENT;9.19;8.73;9.48;9.47;6.7;6.99;7.1;6.89;6.87;8.8;10.08;10.2;10.05;11.15;12.48;13.1;12.37;11.35;11.4;10.87;11.8;11.64;;;;;;;;;;;;;;;;;;;;;
7;7.2;7.2.1;EG_FEC_RNEW;Renewable energy share in the total final energy consumption (%);308;Grenada;G;PERCENT;10.49;10.42;10.47;10.43;10.56;10.58;10.37;9.89;10.75;10.52;10.82;11.37;11.48;10.83;10.96;10.54;10.42;10.19;10.69;10.37;10.34;10.22;;;;;;;;;;;;;;;;;;;;;
7;7.2;7.2.1;EG_FEC_RNEW;Renewable energy share in the total final energy consumption (%);312;Guadeloupe;G;PERCENT;2.56;2.43;2.77;2.83;3.26;4.18;3.89;4.22;4.23;3.71;3;NaN;NaN;NaN;NaN;NaN;NaN;NaN;NaN;NaN;NaN;NaN;;;;;;;;;;;;;;;;;;;;;
7;7.2;7.2.1;EG_FEC_RNEW;Renewable energy share in the total final energy consumption (%);316;Guam;G;PERCENT;0.41;0.41;0.45;0.5;0.46;0.45;0.45;0.45;0.45;0.46;0.47;0.49;0.53;0.59;0.67;2.32;4.38;3.9;4.49;4.47;4.58;4.5;;;;;;;;;;;;;;;;;;;;;
7;7.2;7.2.1;EG_FEC_RNEW;Renewable energy share in the total final energy consumption (%);320;Guatemala;G;PERCENT;62.66;61.26;63.76;64.29;66.1;65.24;64.73;63.28;66.51;65.27;67.08;67.09;67.36;67.19;66.25;63.29;63.24;64.99;64.02;62.82;65.46;62.13;;;;;;;;;;;;;;;;;;;;;
7;7.2;7.2.1;EG_FEC_RNEW;Renewable energy share in the total final energy consumption (%);831;Guernsey;G;PERCENT;0;0;0;0;0;0;0;0;0;0;0;0;0;0;0;0;0;0;0.2;0.07;1.59;1.47;;;;;;;;;;;;;;;;;;;;;
7;7.2;7.2.1;EG_FEC_RNEW;Renewable energy share in the total final energy consumption (%);324;Guinea;G;PERCENT;85.52;84.84;84.27;83.47;83.19;81.56;81.06;80.36;80.15;79.25;75.71;74.75;76.36;78.53;78.57;76.23;75.29;71.96;73.22;68.27;65.8;66.85;;;;;;;;;;;;;;;;;;;;;
7;7.2;7.2.1;EG_FEC_RNEW;Renewable energy share in the total final energy consumption (%);624;Guinea-Bissau;G;PERCENT;91.24;91.21;91.04;89.05;88.55;88.53;88.29;87.9;88.42;87.89;87.81;87.87;87.81;87.71;87.28;87.15;86.77;86.75;86.59;86.2;87.22;87.37;;;;;;;;;;;;;;;;;;;;;
7;7.2;7.2.1;EG_FEC_RNEW;Renewable energy share in the total final energy consumption (%);328;Guyana;G;PERCENT;30.42;31.03;34.24;34.65;35.51;34.69;36.82;33.14;32.57;31.3;30.62;32.81;28.71;26.85;24.02;24.95;21.34;22.12;16.77;11.31;12.03;13.2;;;;;;;;;;;;;;;;;;;;;
7;7.2;7.2.1;EG_FEC_RNEW;Renewable energy share in the total final energy consumption (%);332;Haiti;G;PERCENT;80.85;80.88;79.08;79.02;81.11;81.11;81.37;79.26;79.64;80.33;78.99;79.01;82.19;80.39;77.77;76.12;76.13;76.17;76.25;76.37;76.35;76.72;;;;;;;;;;;;;;;;;;;;;
7;7.2;7.2.1;EG_FEC_RNEW;Renewable energy share in the total final energy consumption (%);340;Honduras;G;PERCENT;55.24;50.4;49.76;47.94;46.7;51.37;52.22;50.57;49.97;50.45;53.63;50.88;49.34;51.06;52.18;50.76;52.68;45.63;48.86;46.2;50.16;45.91;;;;;;;;;;;;;;;;;;;;;
7;7.2;7.2.1;EG_FEC_RNEW;Renewable energy share in the total final energy consumption (%);348;Hungary;G;PERCENT;5.17;5.12;5.17;5.01;4.63;7.29;7.86;9;8.96;12.29;13.46;14.74;16.47;17.18;15.72;15.6;15.34;14.55;13.6;13.64;14.76;15.3;;;;;;;;;;;;;;;;;;;;;
7;7.2;7.2.1;EG_FEC_RNEW;Renewable energy share in the total final energy consumption (%);352;Iceland;G;PERCENT;60.68;62.14;61.87;61.9;61.9;62.72;64.2;67.6;73.96;74.68;75.96;77.06;77.69;76.85;77.58;78.03;80.91;80.79;81.36;81.67;82.92;82.43;;;;;;;;;;;;;;;;;;;;;
7;7.2;7.2.1;EG_FEC_RNEW;Renewable energy share in the total final energy consumption (%);356;India;G;PERCENT;46.88;47.11;45.75;45.63;44.92;44.16;43.16;41.53;39.37;37.41;36.18;35.03;34.76;34.86;33.85;33.39;33;32.55;32.93;33.46;36.09;34.92;;;;;;;;;;;;;;;;;;;;;
7;7.2;7.2.1;EG_FEC_RNEW;Renewable energy share in the total final energy consumption (%);360;Indonesia;G;PERCENT;45.63;44.33;44.66;43;41.46;41.57;40.07;40.01;41.12;38.18;35.96;32.41;30.11;30.65;29.31;26.6;27.75;25.17;22.04;19.75;21.91;20.19;;;;;;;;;;;;;;;;;;;;;
7;7.2;7.2.1;EG_FEC_RNEW;Renewable energy share in the total final energy consumption (%);364;Iran (Islamic Republic of);G;PERCENT;0.44;0.52;0.67;0.83;0.74;1.4;1.4;1.3;0.7;0.78;0.9;0.92;0.93;0.99;0.93;0.91;1.04;0.98;1.04;0.96;0.92;0.91;;;;;;;;;;;;;;;;;;;;;
7;7.2;7.2.1;EG_FEC_RNEW;Renewable energy share in the total final energy consumption (%);368;Iraq;G;PERCENT;0.36;0.35;0.31;0.35;0.36;2.43;2.56;2;1.15;1.21;1.67;1.14;1.3;1.46;1;0.82;0.87;0.53;0.46;0.92;1.11;1.1;;;;;;;;;;;;;;;;;;;;;
7;7.2;7.2.1;EG_FEC_RNEW;Renewable energy share in the total final energy consumption (%);372;Ireland;G;PERCENT;2.03;1.97;2.25;2.01;2.31;2.89;3.23;3.55;4.19;5.29;5.29;6.96;6.9;7.71;8.78;9.52;8.61;10.11;10.83;12.33;13.67;12.69;;;;;;;;;;;;;;;;;;;;;
7;7.2;7.2.1;EG_FEC_RNEW;Renewable energy share in the total final energy consumption (%);833;Isle of Man;G;PERCENT;NaN;NaN;1.48;1.12;6.28;2.68;3.27;1.94;1.31;1.87;1.93;2.85;3.5;2.06;1.85;2.17;1.91;1.88;2.04;1.9;2.03;3.16;;;;;;;;;;;;;;;;;;;;;
7;7.2;7.2.1;EG_FEC_RNEW;Renewable energy share in the total final energy consumption (%);376;Israel;G;PERCENT;5.96;6.3;6.5;6.52;6.73;7.03;6.86;6.72;8.9;8.46;8.55;9.08;2.88;3.27;3.7;3.74;3.99;3.89;3.84;4.49;5.61;6.2;;;;;;;;;;;;;;;;;;;;;
7;7.2;7.2.1;EG_FEC_RNEW;Renewable energy share in the total final energy consumption (%);380;Italy;G;PERCENT;5.12;5.38;5.6;6.24;5.94;6.7;7.51;8.73;10.82;12.54;12.79;11.9;14.39;16.32;17.13;16.57;16.09;16.43;17.08;17.27;18.69;17.54;;;;;;;;;;;;;;;;;;;;;
7;7.2;7.2.1;EG_FEC_RNEW;Renewable energy share in the total final energy consumption (%);388;Jamaica;G;PERCENT;9.34;7.91;8.03;8.14;6.36;5.39;4.79;5.31;5.93;7.42;8.9;9.84;12.16;11.39;11.88;12.12;11.13;10.98;8.88;9.2;11.74;10.49;;;;;;;;;;;;;;;;;;;;;
7;7.2;7.2.1;EG_FEC_RNEW;Renewable energy share in the total final energy consumption (%);392;Japan;G;PERCENT;3.7;3.5;3.71;4.19;4.26;4.01;4.43;4.28;4.44;4.51;4.66;4.82;4.68;5.05;5.57;6.16;6.38;6.92;7.26;7.77;8.48;8.84;;;;;;;;;;;;;;;;;;;;;
7;7.2;7.2.1;EG_FEC_RNEW;Renewable energy share in the total final energy consumption (%);832;Jersey;G;PERCENT;0;0;4.2;11.58;5.36;7.46;7.36;2.78;7.34;4.3;4.44;14.89;6.89;3.89;6.34;15.9;12.4;17.27;17.73;18.17;19.61;18.74;;;;;;;;;;;;;;;;;;;;;
7;7.2;7.2.1;EG_FEC_RNEW;Renewable energy share in the total final energy consumption (%);400;Jordan;G;PERCENT;2.09;2.12;2.09;1.98;1.83;1.69;2.28;2.32;2.74;2.78;2.95;3;2.91;3.12;3.1;3.19;4.67;5.26;7.17;8.46;10.65;11.5;;;;;;;;;;;;;;;;;;;;;
7;7.2;7.2.1;EG_FEC_RNEW;Renewable energy share in the total final energy consumption (%);398;Kazakhstan;G;PERCENT;2.5;2.41;2.77;2.28;1.89;2.09;2.13;1.83;1.15;1.31;1.38;1.38;1.33;1.16;1.34;1.72;2.07;2.01;1.88;1.85;1.78;1.99;;;;;;;;;;;;;;;;;;;;;
7;7.2;7.2.1;EG_FEC_RNEW;Renewable energy share in the total final energy consumption (%);404;Kenya;G;PERCENT;76.82;78.32;78.8;81.62;80.31;79.21;77.61;78.15;78.15;75.64;74.05;74.67;76.15;74.31;71.85;69.25;68.27;68.07;68.66;68.13;69.04;67.67;;;;;;;;;;;;;;;;;;;;;
7;7.2;7.2.1;EG_FEC_RNEW;Renewable energy share in the total final energy consumption (%);296;Kiribati;G;PERCENT;54.73;56.39;53.05;50.52;50.55;48.51;48.12;48.42;49.74;50.44;50.14;50.52;48.73;46.16;47.98;47.48;48.1;42.51;42.31;42.19;42.24;42.23;;;;;;;;;;;;;;;;;;;;;
7;7.2;7.2.1;EG_FEC_RNEW;Renewable energy share in the total final energy consumption (%);412;Kosovo;G;PERCENT;28.27;23.91;24.09;23.8;24.11;22.9;22.13;21.18;20.56;20.85;20.82;19.75;20.89;20.93;21.38;20.37;26.52;25.26;27;26.09;25.91;23.99;;;;;;;;;;;;;;;;;;;;;
7;7.2;7.2.1;EG_FEC_RNEW;Renewable energy share in the total final energy consumption (%);414;Kuwait;G;PERCENT;0;0;0;0;0;0;0;0;0;0;0;0;0;0;0;0.01;0.01;0.02;0.03;0.06;0.09;0.07;;;;;;;;;;;;;;;;;;;;;
7;7.2;7.2.1;EG_FEC_RNEW;Renewable energy share in the total final energy consumption (%);417;Kyrgyzstan;G;PERCENT;35.16;36;28.3;30.51;27.71;28.03;27.76;24.49;22.04;24.73;25.59;25.95;22.45;24.81;26.6;23.51;22.16;24.73;23.39;28.31;30.04;27.63;;;;;;;;;;;;;;;;;;;;;
7;7.2;7.2.1;EG_FEC_RNEW;Renewable energy share in the total final energy consumption (%);432;Landlocked developing countries (LLDCs);G;PERCENT;43.28;43.69;44;43.9;43.39;43.43;43.15;41.74;40;43.1;41.99;40.78;42.09;42.96;44.32;45.3;45.05;44.75;44.33;44.67;44.68;44.03;;;;;;;;;;;;;;;;;;;;;
7;7.2;7.2.1;EG_FEC_RNEW;Renewable energy share in the total final energy consumption (%);418;Lao People's Democratic Republic;G;PERCENT;81.54;81.09;80.19;78.74;73.98;73.93;69.81;70.67;69.27;66.45;64.85;63.63;62.36;58.57;58.25;53.27;51.7;50.58;50.21;50.52;50.62;51.53;;;;;;;;;;;;;;;;;;;;;
7;7.2;7.2.1;EG_FEC_RNEW;Renewable energy share in the total final energy consumption (%);419;Latin America and the Caribbean;G;PERCENT;28.42;27.84;28.42;29.01;28.95;28.99;29.02;29.17;29.33;30.09;29.22;28.66;28.18;28.03;28.05;28.56;29.25;29.71;30.49;30.87;34.5;32.28;;;;;;;;;;;;;;;;;;;;;
7;7.2;7.2.1;EG_FEC_RNEW;Renewable energy share in the total final energy consumption (%);428;Latvia;G;PERCENT;35.82;35.35;34.38;34.34;36.11;36.3;34;33.08;33.71;38.4;33.07;35.54;40.37;39.6;40.24;38.1;38.48;42.6;40.97;41.48;43.75;43.99;;;;;;;;;;;;;;;;;;;;;
7;7.2;7.2.1;EG_FEC_RNEW;Renewable energy share in the total final energy consumption (%);199;Least Developed Countries (LDCs);G;PERCENT;84.01;83.2;82.8;81.5;81.11;80.91;80.27;79.04;78.29;77.22;76.19;75.6;74.26;73.65;73.08;73.2;72.05;70.95;69.92;69.44;70.86;70.09;;;;;;;;;;;;;;;;;;;;;
7;7.2;7.2.1;EG_FEC_RNEW;Renewable energy share in the total final energy consumption (%);422;Lebanon;G;PERCENT;4.88;4.56;5.74;7;6.12;6.43;6.44;7.33;5.14;4.31;5.7;6.18;5.56;5.92;4.25;4.17;3.96;3.97;4.74;5.13;6.27;6.82;;;;;;;;;;;;;;;;;;;;;
7;7.2;7.2.1;EG_FEC_RNEW;Renewable energy share in the total final energy consumption (%);426;Lesotho;G;PERCENT;56.7;56.5;56.16;55.94;55.41;55.31;55.46;55.33;54.99;53.98;52.99;42.32;40.8;46.1;43.22;46.05;45.07;41.48;42.52;41.64;43.21;33.63;;;;;;;;;;;;;;;;;;;;;
7;7.2;7.2.1;EG_FEC_RNEW;Renewable energy share in the total final energy consumption (%);430;Liberia;G;PERCENT;91.34;91.57;91.14;90.35;89.56;87.76;87.59;89.83;91.84;91.81;88.58;87.09;86.2;87.53;91.16;91.93;92.78;93.56;94.42;89.71;92.96;93.19;;;;;;;;;;;;;;;;;;;;;
7;7.2;7.2.1;EG_FEC_RNEW;Renewable energy share in the total final energy consumption (%);434;Libya;G;PERCENT;2.05;2.94;2.89;2.89;2.79;2.69;2.89;3.07;2.9;2.64;2.5;3.22;2.6;2.36;2.31;2.94;2.77;2.93;2.94;2.99;3.21;3.12;;;;;;;;;;;;;;;;;;;;;
7;7.2;7.2.1;EG_FEC_RNEW;Renewable energy share in the total final energy consumption (%);438;Liechtenstein;G;PERCENT;53.95;51.59;51.26;50.24;50.31;49.87;50.84;53.36;52.96;55.15;52.31;55.26;55.5;53.53;54.97;55.53;55.82;55.33;56.81;56.13;55.21;53.61;;;;;;;;;;;;;;;;;;;;;
7;7.2;7.2.1;EG_FEC_RNEW;Renewable energy share in the total final energy consumption (%);440;Lithuania;G;PERCENT;17.19;17.59;17.89;18.07;18.07;17.51;17.46;17.06;18.34;20.09;21.46;22.74;23.92;26.34;27.73;28.96;31.47;33.78;33.73;33.54;31.7;33.22;;;;;;;;;;;;;;;;;;;;;
7;7.2;7.2.1;EG_FEC_RNEW;Renewable energy share in the total final energy consumption (%);442;Luxembourg;G;PERCENT;6.81;3.42;1.32;1.28;1.35;1.87;2.08;3.64;3.96;3.73;3.68;3.76;4.15;5.71;6.85;9.09;13.5;15.32;16.05;16.45;20.76;20.51;;;;;;;;;;;;;;;;;;;;;
7;7.2;7.2.1;EG_FEC_RNEW;Renewable energy share in the total final energy consumption (%);450;Madagascar;G;PERCENT;82.17;84.13;87.23;84.79;84.32;84.89;85.9;86.23;86.39;87.21;86.73;84.51;83.31;81.4;82.17;83.92;83.85;81.88;84.17;82.5;84.73;83.61;;;;;;;;;;;;;;;;;;;;;
7;7.2;7.2.1;EG_FEC_RNEW;Renewable energy share in the total final energy consumption (%);454;Malawi;G;PERCENT;82.62;83.13;83.3;82.83;82.45;83.17;82.8;82.21;80.39;80.01;81.21;80.17;80.2;79.76;82.78;80.98;78.91;76.92;73.19;70.86;71.51;71.08;;;;;;;;;;;;;;;;;;;;;
7;7.2;7.2.1;EG_FEC_RNEW;Renewable energy share in the total final energy consumption (%);458;Malaysia;G;PERCENT;4.41;4.23;3.54;3.31;3.21;3;3.12;2.84;3.04;2.27;1.96;2.16;2.52;2.75;3.03;3.41;4.44;5.23;5.32;5.65;6.99;7.48;;;;;;;;;;;;;;;;;;;;;
7;7.2;7.2.1;EG_FEC_RNEW;Renewable energy share in the total final energy consumption (%);462;Maldives;G;PERCENT;2.34;2.26;1.78;2.22;1.67;1.95;1.63;1.52;1.53;1.52;1.36;1.33;1.22;1.26;1.2;1.47;1.25;1.3;1.31;1.27;1.61;1.38;;;;;;;;;;;;;;;;;;;;;
7;7.2;7.2.1;EG_FEC_RNEW;Renewable energy share in the total final energy consumption (%);466;Mali;G;PERCENT;83.47;82.1;83.58;85.79;81.53;82.33;81.65;78.87;75;78.69;83.98;83.64;81.23;84.77;84.59;81.18;77.87;76.96;77.24;74.91;72.79;71.16;;;;;;;;;;;;;;;;;;;;;
7;7.2;7.2.1;EG_FEC_RNEW;Renewable energy share in the total final energy consumption (%);470;Malta;G;PERCENT;0;0;0.09;0.1;0.12;0.14;0.17;0.2;0.22;0.26;1.22;1.97;2.67;3.24;4.48;5.98;9.24;7.27;7.56;7.43;9.21;8.62;;;;;;;;;;;;;;;;;;;;;
7;7.2;7.2.1;EG_FEC_RNEW;Renewable energy share in the total final energy consumption (%);584;Marshall Islands;G;PERCENT;19.57;19.08;18.63;18.56;18.4;18.38;16.96;15.21;14.78;13.96;13.72;12.35;12.03;12.37;12.15;11.72;12.13;12.01;12.03;12.08;11.97;12.06;;;;;;;;;;;;;;;;;;;;;
7;7.2;7.2.1;EG_FEC_RNEW;Renewable energy share in the total final energy consumption (%);474;Martinique;G;PERCENT;1.68;1.63;1.65;1.68;1.73;1.8;1.82;2.35;2.32;2.44;2.54;NaN;NaN;NaN;NaN;NaN;NaN;NaN;NaN;NaN;NaN;NaN;;;;;;;;;;;;;;;;;;;;;
7;7.2;7.2.1;EG_FEC_RNEW;Renewable energy share in the total final energy consumption (%);478;Mauritania;G;PERCENT;44.41;44.18;42.13;40.17;38.59;38.77;39.12;35.63;35.8;33.43;34;33.28;31.86;35.08;30.99;28.26;31.72;25.47;21.56;21.19;20.92;22.08;;;;;;;;;;;;;;;;;;;;;
7;7.2;7.2.1;EG_FEC_RNEW;Renewable energy share in the total final energy consumption (%);480;Mauritius;G;PERCENT;20.42;20.08;17.93;18.9;19.08;17.65;16.41;15.69;12.73;12.78;12.77;12.01;11.45;11.39;10.59;11.49;10.33;9.42;9.19;8.94;9.43;8.61;;;;;;;;;;;;;;;;;;;;;
7;7.2;7.2.1;EG_FEC_RNEW;Renewable energy share in the total final energy consumption (%);175;Mayotte;G;PERCENT;16.17;15.37;14.92;14.14;13.35;11.45;10.97;10.38;9.7;9.45;9.96;NaN;NaN;NaN;NaN;NaN;NaN;NaN;NaN;NaN;NaN;NaN;;;;;;;;;;;;;;;;;;;;;
7;7.2;7.2.1;EG_FEC_RNEW;Renewable energy share in the total final energy consumption (%);54;Melanesia;G;PERCENT;54.22;51.6;51.22;48.42;46.08;46.89;46.69;45.45;47.04;46.23;43.44;43.45;43.79;46.23;44.4;43.9;42.83;42.81;41.23;41.61;43.22;44.37;;;;;;;;;;;;;;;;;;;;;
7;7.2;7.2.1;EG_FEC_RNEW;Renewable energy share in the total final energy consumption (%);484;Mexico;G;PERCENT;12.17;11.34;10.68;10.17;10.21;10.31;9.82;9.46;9.77;9.17;9.36;9.07;8.97;9.23;9.76;9.19;9.22;10.05;10.26;10.26;12.26;12.97;;;;;;;;;;;;;;;;;;;;;
7;7.2;7.2.1;EG_FEC_RNEW;Renewable energy share in the total final energy consumption (%);57;Micronesia;G;PERCENT;4.77;4.84;5.08;5.17;5.16;5.18;5.2;5.15;5.23;5.05;5.13;4.8;5.03;5.21;5.31;5.75;6.61;6.15;6.52;6.53;7.17;7.04;;;;;;;;;;;;;;;;;;;;;
7;7.2;7.2.1;EG_FEC_RNEW;Renewable energy share in the total final energy consumption (%);583;Micronesia (Federated States of);G;PERCENT;1.27;1.41;1.6;0.86;1.02;1.35;1.37;1.2;1.44;1.15;1.95;1.57;1.42;1.41;1.51;1.71;1.87;1.72;2;1.98;2.03;2.08;;;;;;;;;;;;;;;;;;;;;
7;7.2;7.2.1;EG_FEC_RNEW;Renewable energy share in the total final energy consumption (%);17;Middle Africa;G;PERCENT;88.09;88.14;87.88;86.41;83.42;84.92;83.49;82.41;80.89;80.7;79.09;78.08;73.58;72.9;73.84;75.48;76;78.16;76.62;77.09;79.53;76.7;;;;;;;;;;;;;;;;;;;;;
7;7.2;7.2.1;EG_FEC_RNEW;Renewable energy share in the total final energy consumption (%);496;Mongolia;G;PERCENT;5.73;6.09;6.51;6.09;5.76;5.34;4.48;4.7;4.66;4.43;4.46;4.04;2.97;3.01;3.34;3.55;3.39;1.82;2.07;2.29;2.86;3.03;;;;;;;;;;;;;;;;;;;;;
7;7.2;7.2.1;EG_FEC_RNEW;Renewable energy share in the total final energy consumption (%);499;Montenegro;G;PERCENT;NaN;NaN;NaN;NaN;NaN;47.61;44.83;42.27;38.76;49.16;49.09;42.77;45.86;49.34;45.95;42.96;43.89;37.77;40.6;38.74;39.56;39.64;;;;;;;;;;;;;;;;;;;;;
7;7.2;7.2.1;EG_FEC_RNEW;Renewable energy share in the total final energy consumption (%);500;Montserrat;G;PERCENT;0;0;0;0;0;0;0;0;0;0;0;0;0;0;0;0;0;0;0;0.43;0.66;2.12;;;;;;;;;;;;;;;;;;;;;
7;7.2;7.2.1;EG_FEC_RNEW;Renewable energy share in the total final energy consumption (%);504;Morocco;G;PERCENT;15.54;15.3;15.14;16.06;22.35;20;18.22;16.55;14.44;14.17;13.87;11.83;10.91;11.59;11.14;11.24;11.07;10.45;10.86;10.65;11.11;10.9;;;;;;;;;;;;;;;;;;;;;
7;7.2;7.2.1;EG_FEC_RNEW;Renewable energy share in the total final energy consumption (%);508;Mozambique;G;PERCENT;93.64;93.01;93.22;92.73;92.94;93.67;93.06;87.53;88.11;86.12;84.89;85.43;84.52;83.12;81.19;80.06;77.38;78.15;78.96;77.47;80.15;76.86;;;;;;;;;;;;;;;;;;;;;
7;7.2;7.2.1;EG_FEC_RNEW;Renewable energy share in the total final energy consumption (%);104;Myanmar;G;PERCENT;80.17;82.48;83.05;79.86;80.25;79.58;81.32;80.5;85.62;85.77;84.63;83.77;78.08;75.55;71.99;69.97;68.8;59.45;59.41;58.47;59.23;62.86;;;;;;;;;;;;;;;;;;;;;
7;7.2;7.2.1;EG_FEC_RNEW;Renewable energy share in the total final energy consumption (%);516;Namibia;G;PERCENT;34.78;30.37;33.76;33.32;34.82;34.58;35.76;36.54;32.5;33.37;31.21;31.62;31.87;30.7;30.19;29.32;29.21;30.21;30.85;30.22;31.17;29.99;;;;;;;;;;;;;;;;;;;;;
7;7.2;7.2.1;EG_FEC_RNEW;Renewable energy share in the total final energy consumption (%);520;Nauru;G;PERCENT;0;0;0;0;0;0;0.07;0.08;0.08;0.04;0.03;0.05;0.07;0.06;0.05;0.1;0.18;0.6;0.66;0.59;1.34;1.65;;;;;;;;;;;;;;;;;;;;;
7;7.2;7.2.1;EG_FEC_RNEW;Renewable energy share in the total final energy consumption (%);524;Nepal;G;PERCENT;88.29;87.76;89.95;89.44;90.3;89.52;91.25;91.31;90.47;88.93;87.29;86.95;84.72;86.01;84.04;85.23;79.45;76.77;74.98;78.25;73.09;73.72;;;;;;;;;;;;;;;;;;;;;
7;7.2;7.2.1;EG_FEC_RNEW;Renewable energy share in the total final energy consumption (%);528;Netherlands (Kingdom of the);G;PERCENT;1.73;1.76;1.91;1.9;2.22;2.74;3.11;3.68;3.94;4.38;3.85;4.69;4.9;4.96;5.57;5.78;5.6;6.4;7.42;8.6;10.72;12.22;;;;;;;;;;;;;;;;;;;;;
7;7.2;7.2.1;EG_FEC_RNEW;Renewable energy share in the total final energy consumption (%);540;New Caledonia;G;PERCENT;7.54;6.72;5.28;4.93;5.2;5.08;4.52;5.82;7.78;6.95;4.85;5.93;6.17;6.56;4.29;5.09;3.7;5.1;4.63;5.24;6.06;8.33;;;;;;;;;;;;;;;;;;;;;
7;7.2;7.2.1;EG_FEC_RNEW;Renewable energy share in the total final energy consumption (%);554;New Zealand;G;PERCENT;26.44;24.63;26.56;25.9;28.2;26.79;27;27.05;26.14;28.47;29.37;30.3;28.75;28.28;28.98;29.31;30.08;28.39;28.93;28.04;28.73;28.85;;;;;;;;;;;;;;;;;;;;;
7;7.2;7.2.1;EG_FEC_RNEW;Renewable energy share in the total final energy consumption (%);558;Nicaragua;G;PERCENT;58.42;56.66;54.67;51.49;51.17;52.76;53.29;52.61;53.77;54.56;54.44;53.3;53.27;54.28;53.02;50;49.53;48.91;51.31;50.46;52.25;50.36;;;;;;;;;;;;;;;;;;;;;
7;7.2;7.2.1;EG_FEC_RNEW;Renewable energy share in the total final energy consumption (%);562;Niger;G;PERCENT;87.62;87.7;87.74;86.97;86.99;87.54;87.43;86.17;86.06;83.25;80.67;77.23;72.71;78.7;78.08;78.88;80.25;82.01;81.97;80.73;81.91;79.58;;;;;;;;;;;;;;;;;;;;;
7;7.2;7.2.1;EG_FEC_RNEW;Renewable energy share in the total final energy consumption (%);566;Nigeria;G;PERCENT;86.04;84.54;84.53;82.88;83.98;83.92;85.79;87.06;85.72;88.12;85.98;84.1;83.87;81.36;79.86;81.31;81.12;81.56;80.76;80.08;81.81;80.31;;;;;;;;;;;;;;;;;;;;;
7;7.2;7.2.1;EG_FEC_RNEW;Renewable energy share in the total final energy consumption (%);570;Niue;G;PERCENT;0.6;0.58;0.63;0.71;0.79;0.83;0.78;0.95;0.57;0.86;1.37;1.27;1.19;1.17;1.16;1.11;1.05;1.06;3.02;3.01;3.08;3.01;;;;;;;;;;;;;;;;;;;;;
7;7.2;7.2.1;EG_FEC_RNEW;Renewable energy share in the total final energy consumption (%);807;North Macedonia;G;PERCENT;19.38;15.17;14.63;17.29;18.2;19.03;19.8;15.71;15.61;18.43;22.3;18.62;18.27;21.16;21.19;23.91;21.37;19;20.87;17.05;20.02;19.48;;;;;;;;;;;;;;;;;;;;;
7;7.2;7.2.1;EG_FEC_RNEW;Renewable energy share in the total final energy consumption (%);15;Northern Africa;G;PERCENT;15.04;14.68;14.35;14.27;15.1;13.73;13.5;12.25;11.64;11.52;11.09;10.96;10.37;10.3;10.17;10.02;9.81;9.63;9.67;10.28;10.96;10.48;;;;;;;;;;;;;;;;;;;;;
7;7.2;7.2.1;EG_FEC_RNEW;Renewable energy share in the total final energy consumption (%);747;Northern Africa and Western Asia;G;PERCENT;8.41;8.15;8.08;8.01;8.3;7.61;7.29;6.56;6.17;6.15;6.21;5.83;5.53;5.67;5.16;5.43;5.45;5.28;5.43;5.97;6.29;5.96;;;;;;;;;;;;;;;;;;;;;
7;7.2;7.2.1;EG_FEC_RNEW;Renewable energy share in the total final energy consumption (%);21;Northern America;G;PERCENT;7.21;6.47;6.68;7.04;7.23;7.65;8.1;8.09;8.6;9.11;9.02;9.98;10.2;10.57;10.67;10.55;10.93;11.36;11.42;11.67;12.54;12.39;;;;;;;;;;;;;;;;;;;;;
7;7.2;7.2.1;EG_FEC_RNEW;Renewable energy share in the total final energy consumption (%);154;Northern Europe;G;PERCENT;15.42;14.26;14.55;13.54;14.37;15.79;15.66;16.76;17.94;18.55;18.71;20.39;21.87;21.85;23.79;25.21;25.01;26.4;26.94;28.2;31.36;30.93;;;;;;;;;;;;;;;;;;;;;
7;7.2;7.2.1;EG_FEC_RNEW;Renewable energy share in the total final energy consumption (%);580;Northern Mariana Islands;G;PERCENT;0;0;0;0;0;0;0;0;0;0;0;0;0;0;0;0;0;0;0;0;0.32;0.48;;;;;;;;;;;;;;;;;;;;;
7;7.2;7.2.1;EG_FEC_RNEW;Renewable energy share in the total final energy consumption (%);578;Norway;G;PERCENT;60.18;59.59;59.47;56.23;56.85;58.56;57.02;57.36;58.45;56.68;56;55.98;56.94;56.6;55.75;56.54;57.68;58.85;58.93;59.83;60.85;61.36;;;;;;;;;;;;;;;;;;;;;
7;7.2;7.2.1;EG_FEC_RNEW;Renewable energy share in the total final energy consumption (%);9;Oceania;G;PERCENT;12.68;12.26;12.97;11.54;11.4;11.19;11.31;11.29;10.99;11.5;12.38;12.56;12.36;13.32;13.54;13.7;13.87;13.94;13.88;14.25;15.05;16.06;;;;;;;;;;;;;;;;;;;;;
7;7.2;7.2.1;EG_FEC_RNEW;Renewable energy share in the total final energy consumption (%);543;Oceania (exc. Australia and New Zealand);G;PERCENT;45.89;43.47;43.27;41.31;39.59;40.12;40.07;38.96;40.06;39.19;36.76;36.86;37.23;39.95;38.76;38.32;37.42;37.28;36.14;36.36;37.94;38.66;;;;;;;;;;;;;;;;;;;;;
7;7.2;7.2.1;EG_FEC_RNEW;Renewable energy share in the total final energy consumption (%);512;Oman;G;PERCENT;0;0;0;0;0;0;0;0;0;0;0;0;0;0;0;0;0;0.01;0.01;0.01;0.08;0.1;;;;;;;;;;;;;;;;;;;;;
7;7.2;7.2.1;EG_FEC_RNEW;Renewable energy share in the total final energy consumption (%);586;Pakistan;G;PERCENT;51.05;51.54;51.39;50.09;47.93;47.96;47.04;44.85;46.63;46.43;47.4;46.76;47.2;48.13;47.22;45.88;43.69;42.1;43.36;45.88;42.7;41.56;;;;;;;;;;;;;;;;;;;;;
7;7.2;7.2.1;EG_FEC_RNEW;Renewable energy share in the total final energy consumption (%);585;Palau;G;PERCENT;0;0;0;0;0;0;0;0;0;0;0;0;0;0;0.27;0.37;0.57;0.56;0.59;0.86;0.87;0.87;;;;;;;;;;;;;;;;;;;;;
7;7.2;7.2.1;EG_FEC_RNEW;Renewable energy share in the total final energy consumption (%);591;Panama;G;PERCENT;27.67;24.04;28.71;27.45;28.21;22.77;22.09;22.79;23.36;20.37;20.65;19.73;21.25;20.71;19.8;21.95;22.14;23.65;24.49;18.98;28.53;27.96;;;;;;;;;;;;;;;;;;;;;
7;7.2;7.2.1;EG_FEC_RNEW;Renewable energy share in the total final energy consumption (%);598;Papua New Guinea;G;PERCENT;66.38;63.44;62.49;60.4;57.48;58.56;58.86;57.13;56.93;56.02;55.25;54.73;55.45;58.34;56.93;55.33;54.81;54.68;53.38;53.18;53.62;54.5;;;;;;;;;;;;;;;;;;;;;
7;7.2;7.2.1;EG_FEC_RNEW;Renewable energy share in the total final energy consumption (%);600;Paraguay;G;PERCENT;70.41;69.84;67.68;67.05;66.75;68.81;66.46;68.44;65.81;65.36;63.61;62.46;63.43;62.55;62.54;60.51;62.49;60.12;59.24;60.09;61.45;58.82;;;;;;;;;;;;;;;;;;;;;
7;7.2;7.2.1;EG_FEC_RNEW;Renewable energy share in the total final energy consumption (%);604;Peru;G;PERCENT;38.57;41.23;40.21;40.91;37.83;38.35;38.7;36.05;33.71;32.92;32.17;30.63;30.8;28.35;28.56;27.43;27.2;27.59;27.89;27.14;31.62;30.56;;;;;;;;;;;;;;;;;;;;;
7;7.2;7.2.1;EG_FEC_RNEW;Renewable energy share in the total final energy consumption (%);608;Philippines;G;PERCENT;33.94;32.89;31.83;30.9;30.21;31.31;33.28;32.39;33.85;34.09;32.66;33.78;34.14;33.13;32.42;30.82;28.59;27.75;27.6;26.86;29.13;28.03;;;;;;;;;;;;;;;;;;;;;
7;7.2;7.2.1;EG_FEC_RNEW;Renewable energy share in the total final energy consumption (%);616;Poland;G;PERCENT;6.93;7.29;7.49;7.29;7.31;7.22;7.18;7.28;8.01;8.84;9.49;10.44;10.91;11.41;11.58;11.87;11.34;11.13;15.05;15.62;16.14;15.2;;;;;;;;;;;;;;;;;;;;;
7;7.2;7.2.1;EG_FEC_RNEW;Renewable energy share in the total final energy consumption (%);61;Polynesia;G;PERCENT;17.32;13.73;12.82;13.95;13.21;13.26;12.86;12.28;11.97;11.67;10.67;10.58;10.57;11.06;11.72;11.65;11.83;11.66;11.77;11.45;11.41;11.1;;;;;;;;;;;;;;;;;;;;;
7;7.2;7.2.1;EG_FEC_RNEW;Renewable energy share in the total final energy consumption (%);620;Portugal;G;PERCENT;20.12;20.83;18.28;22.09;19.87;18.07;22.33;23.15;23.19;24.9;27.83;27.22;25.52;30.17;30.46;27.21;29;24.42;27.47;28.19;31.33;32.33;;;;;;;;;;;;;;;;;;;;;
7;7.2;7.2.1;EG_FEC_RNEW;Renewable energy share in the total final energy consumption (%);630;Puerto Rico;G;PERCENT;0.55;0.54;0.5;0.5;0.5;0.56;0.48;0.49;0.51;0.52;0.4;0.66;0.53;1.38;1.65;1.86;1.89;2.26;1.36;2.42;2.46;2.57;;;;;;;;;;;;;;;;;;;;;
7;7.2;7.2.1;EG_FEC_RNEW;Renewable energy share in the total final energy consumption (%);634;Qatar;G;PERCENT;0.08;0.14;0.07;0.05;0.03;0.03;0.1;0.07;0.11;0.07;0.13;0.14;0.04;0.04;0.05;0.05;0.06;0.06;0.05;0.06;0.05;0.03;;;;;;;;;;;;;;;;;;;;;
7;7.2;7.2.1;EG_FEC_RNEW;Renewable energy share in the total final energy consumption (%);410;Republic of Korea;G;PERCENT;0.7;0.69;0.7;0.85;0.77;0.87;0.95;1.03;1.06;1.21;1.32;1.35;1.61;1.92;2.87;2.74;2.56;2.84;3.18;3.23;3.63;3.65;;;;;;;;;;;;;;;;;;;;;
7;7.2;7.2.1;EG_FEC_RNEW;Renewable energy share in the total final energy consumption (%);498;Republic of Moldova;G;PERCENT;5.72;5.6;5.83;5.92;4.85;4.27;4.98;4.44;4.93;4.84;20.01;20.37;22.14;23.82;24.31;24.73;25.3;26.07;25.31;22.02;22.27;21.43;;;;;;;;;;;;;;;;;;;;;
7;7.2;7.2.1;EG_FEC_RNEW;Renewable energy share in the total final energy consumption (%);638;Réunion;G;PERCENT;11.72;10.72;11.73;12.41;12.05;11.38;11.99;16.42;16.45;15.31;16.4;NaN;NaN;NaN;NaN;NaN;NaN;NaN;NaN;NaN;NaN;NaN;;;;;;;;;;;;;;;;;;;;;
7;7.2;7.2.1;EG_FEC_RNEW;Renewable energy share in the total final energy consumption (%);642;Romania;G;PERCENT;16.37;13.39;14.4;15.67;17.28;18.47;17.39;18.16;20.4;22.14;24.07;21.09;21.53;23.07;24.31;23.67;24.4;23.35;23.03;23.54;24.06;23.58;;;;;;;;;;;;;;;;;;;;;
7;7.2;7.2.1;EG_FEC_RNEW;Renewable energy share in the total final energy consumption (%);643;Russian Federation;G;PERCENT;3.5;3.62;3.46;3.28;3.55;3.61;3.48;3.67;3.31;3.6;3.34;3.23;3.24;3.61;3.3;3.2;3.36;3.25;3.18;3.22;3.68;3.54;;;;;;;;;;;;;;;;;;;;;
7;7.2;7.2.1;EG_FEC_RNEW;Renewable energy share in the total final energy consumption (%);646;Rwanda;G;PERCENT;86.78;86.89;87.13;87.3;87.55;89.25;90.59;90.31;90.63;90.54;90.47;89.7;88.78;88.47;87.95;86.31;85.5;84.46;82.82;81.8;81.7;79.37;;;;;;;;;;;;;;;;;;;;;
7;7.2;7.2.1;EG_FEC_RNEW;Renewable energy share in the total final energy consumption (%);654;Saint Helena;G;PERCENT;7.09;6.26;7.4;6.37;13.03;8.21;9.11;3.94;9.03;10.22;9.16;9.55;7.7;9.34;9.11;13.1;9.16;14.58;12.99;9.63;12.26;10.15;;;;;;;;;;;;;;;;;;;;;
7;7.2;7.2.1;EG_FEC_RNEW;Renewable energy share in the total final energy consumption (%);659;Saint Kitts and Nevis;G;PERCENT;26.37;25.96;24.34;26.3;21.98;25.3;0.01;0.01;0.01;0.01;0.97;0.92;1.31;1.38;1.63;1.63;1.69;1.28;1.32;1.31;1.62;1.64;;;;;;;;;;;;;;;;;;;;;
7;7.2;7.2.1;EG_FEC_RNEW;Renewable energy share in the total final energy consumption (%);662;Saint Lucia;G;PERCENT;24.05;22.23;21.73;20.02;18.43;18.44;16.94;16.26;15.53;15.08;13.22;12.93;12.39;12.1;11.72;11.52;11.17;10.22;10.22;10.03;9.97;9.67;;;;;;;;;;;;;;;;;;;;;
7;7.2;7.2.1;EG_FEC_RNEW;Renewable energy share in the total final energy consumption (%);666;Saint Pierre and Miquelon;G;PERCENT;0.42;0.49;0.45;0.41;0.44;1.37;1.38;1.86;1.46;1.43;1.55;1.59;1.4;1.49;0.96;0.95;0.94;0.92;1.06;0.94;1.06;1.25;;;;;;;;;;;;;;;;;;;;;
7;7.2;7.2.1;EG_FEC_RNEW;Renewable energy share in the total final energy consumption (%);670;Saint Vincent and the Grenadines;G;PERCENT;8.49;6.19;6.07;5.63;5.86;5.81;5.29;4.71;5.33;4.1;5.13;6.09;5.02;5.37;3.32;4.3;4.1;5.28;4.93;5.38;5.23;4.98;;;;;;;;;;;;;;;;;;;;;
7;7.2;7.2.1;EG_FEC_RNEW;Renewable energy share in the total final energy consumption (%);882;Samoa;G;PERCENT;59.69;52.41;49.58;52.41;48.82;48.89;45.96;43.18;45;43.17;41.93;40.64;40.21;42.64;41.42;37.06;36.8;35.79;36.64;34.21;35.64;35.95;;;;;;;;;;;;;;;;;;;;;
7;7.2;7.2.1;EG_FEC_RNEW;Renewable energy share in the total final energy consumption (%);678;Sao Tome and Principe;G;PERCENT;54.73;55.47;55.34;51.81;48.92;47.94;47.33;47.69;46.04;45.41;38.2;42.38;40.15;42.77;38.39;39.24;38.06;39.24;40.59;38.62;41.61;40.75;;;;;;;;;;;;;;;;;;;;;
7;7.2;7.2.1;EG_FEC_RNEW;Renewable energy share in the total final energy consumption (%);682;Saudi Arabia;G;PERCENT;0.01;0.01;0.01;0.01;0.01;0.01;0.01;0.01;0.01;0.01;0.01;0.01;0.01;0.01;0.01;0.01;0.01;0.01;0.01;0.03;0.06;0.08;;;;;;;;;;;;;;;;;;;;;
7;7.2;7.2.1;EG_FEC_RNEW;Renewable energy share in the total final energy consumption (%);686;Senegal;G;PERCENT;47.52;45.83;43.76;43.66;39.88;40.32;43.35;40.01;39.81;51.31;49.55;47.97;49.6;42.69;42.53;39.11;36.72;36.81;34.24;36.2;38.67;35.42;;;;;;;;;;;;;;;;;;;;;
7;7.2;7.2.1;EG_FEC_RNEW;Renewable energy share in the total final energy consumption (%);688;Serbia;G;PERCENT;22.09;19.55;18.01;15.67;14.64;16.1;15.33;14.03;15.5;20.68;20.47;17.44;19.47;20.03;23.25;21.24;20.91;20;21.05;21.45;25.98;27.2;;;;;;;;;;;;;;;;;;;;;
7;7.2;7.2.1;EG_FEC_RNEW;Renewable energy share in the total final energy consumption (%);690;Seychelles;G;PERCENT;1.52;1.26;1.1;1.12;0.96;0.94;0.95;1.01;0.91;0.83;0.71;0.85;0.8;1.47;1.37;1.36;1.21;1.24;1.23;1.21;1.34;1.72;;;;;;;;;;;;;;;;;;;;;
7;7.2;7.2.1;EG_FEC_RNEW;Renewable energy share in the total final energy consumption (%);694;Sierra Leone;G;PERCENT;93.32;91.16;87.96;86.54;86.54;88.11;84.37;86.35;86.04;86.14;84.89;81;79.06;74.62;73.04;74.03;73.61;74.58;75.86;75.44;75.07;71.14;;;;;;;;;;;;;;;;;;;;;
7;7.2;7.2.1;EG_FEC_RNEW;Renewable energy share in the total final energy consumption (%);702;Singapore;G;PERCENT;0.33;0.6;0.58;0.58;0.53;0.54;0.52;0.5;0.53;0.48;0.47;0.48;0.51;0.56;0.59;0.65;0.71;0.7;0.78;0.89;0.91;1.1;;;;;;;;;;;;;;;;;;;;;
7;7.2;7.2.1;EG_FEC_RNEW;Renewable energy share in the total final energy consumption (%);534;Sint Maarten (Dutch part);G;PERCENT;NaN;NaN;NaN;NaN;NaN;NaN;NaN;NaN;NaN;NaN;NaN;NaN;0.05;0.05;0.05;0.05;0.05;0.05;0.05;0.05;0.05;0.05;;;;;;;;;;;;;;;;;;;;;
7;7.2;7.2.1;EG_FEC_RNEW;Renewable energy share in the total final energy consumption (%);703;Slovakia;G;PERCENT;3.73;6;5.48;5.35;6.25;6.31;6.57;8.23;7.63;10;10.28;10.36;10.47;10.68;12.24;13.41;13.09;12.43;12.43;17.64;17.64;17.9;;;;;;;;;;;;;;;;;;;;;
7;7.2;7.2.1;EG_FEC_RNEW;Renewable energy share in the total final energy consumption (%);705;Slovenia;G;PERCENT;17.96;18.67;16.31;16.9;17.77;18.58;17.36;18.35;17.63;19.57;20.07;19.14;20.22;22.48;22.91;21.38;20.96;19.71;20.63;20.86;22.7;23.39;;;;;;;;;;;;;;;;;;;;;
7;7.2;7.2.1;EG_FEC_RNEW;Renewable energy share in the total final energy consumption (%);722;Small island developing States (SIDS);G;PERCENT;25.32;24.75;24.08;23.32;23.03;20.97;19.71;18.8;19.14;18.97;17.76;18.49;18.65;18.7;18.93;18.44;18.28;18.97;19.05;18.49;19.56;18.49;;;;;;;;;;;;;;;;;;;;;
7;7.2;7.2.1;EG_FEC_RNEW;Renewable energy share in the total final energy consumption (%);90;Solomon Islands;G;PERCENT;55.26;54.14;52.82;51.46;49.91;49.7;48.93;47.42;46.69;45.79;45.07;43.61;43.82;41.83;45.89;48.64;48.7;48.98;48.64;48.36;49.03;49.13;;;;;;;;;;;;;;;;;;;;;
7;7.2;7.2.1;EG_FEC_RNEW;Renewable energy share in the total final energy consumption (%);706;Somalia;G;PERCENT;93.28;93.26;92.58;92.8;93;93.3;93.47;93.02;93.37;93.63;93.57;93.65;93.9;94.4;94.64;94.5;94.78;94.9;94.93;95.03;95.51;95.37;;;;;;;;;;;;;;;;;;;;;
7;7.2;7.2.1;EG_FEC_RNEW;Renewable energy share in the total final energy consumption (%);710;South Africa;G;PERCENT;16.18;15.01;13.28;11.78;11.03;9.66;9.34;8.65;9.7;9.15;9.41;9.01;8.29;7.77;7.55;7.58;7.83;7.9;7.98;8.72;9.78;9.7;;;;;;;;;;;;;;;;;;;;;
7;7.2;7.2.1;EG_FEC_RNEW;Renewable energy share in the total final energy consumption (%);5;South America;G;PERCENT;32.83;32.32;33.3;34.44;34.09;34.38;34.89;35.19;35.1;36.15;34.6;33.82;32.9;32.45;32.14;33.25;34.26;34.61;35.38;36.21;39.47;36.51;;;;;;;;;;;;;;;;;;;;;
7;7.2;7.2.1;EG_FEC_RNEW;Renewable energy share in the total final energy consumption (%);728;South Sudan;G;PERCENT;NaN;NaN;NaN;NaN;NaN;NaN;NaN;NaN;NaN;NaN;NaN;NaN;30.56;30.13;29.45;27.49;28.66;35.08;31.49;31.45;32.8;32.39;;;;;;;;;;;;;;;;;;;;;
7;7.2;7.2.1;EG_FEC_RNEW;Renewable energy share in the total final energy consumption (%);35;South-Eastern Asia;G;PERCENT;38.27;37.11;36.4;35.35;33.8;33.62;33.2;32.67;33.08;32.05;30.58;29.72;28.92;28.61;28.08;25.36;25.54;24.58;23.29;21.72;22.3;22.35;;;;;;;;;;;;;;;;;;;;;
7;7.2;7.2.1;EG_FEC_RNEW;Renewable energy share in the total final energy consumption (%);18;Southern Africa;G;PERCENT;18.38;17.26;15.64;14.2;13.26;11.96;11.62;10.89;11.8;11.25;11.64;11.08;10.34;9.7;9.5;9.67;9.82;9.81;9.9;10.68;11.87;11.61;;;;;;;;;;;;;;;;;;;;;
7;7.2;7.2.1;EG_FEC_RNEW;Renewable energy share in the total final energy consumption (%);34;Southern Asia;G;PERCENT;39.49;39.34;38.3;37.87;36.89;36.24;35.2;33.73;32.75;31.47;30.99;30.15;29.98;30.16;29.31;29.06;28.53;28.16;28.65;28.56;29.84;29.09;;;;;;;;;;;;;;;;;;;;;
7;7.2;7.2.1;EG_FEC_RNEW;Renewable energy share in the total final energy consumption (%);39;Southern Europe;G;PERCENT;8.74;9.16;8.5;9.48;9.01;9.14;10.1;10.62;11.89;14.04;15.42;14.65;16.26;18.28;18.95;18.15;18.15;17.2;18.85;18.87;20.99;20.63;;;;;;;;;;;;;;;;;;;;;
7;7.2;7.2.1;EG_FEC_RNEW;Renewable energy share in the total final energy consumption (%);724;Spain;G;PERCENT;7.88;8.93;7.41;8.91;8.04;7.3;8.48;9.01;9.74;12.21;14.39;14.72;15.75;16.91;17.32;16.3;16.71;15.18;16.9;16.68;19.34;18.96;;;;;;;;;;;;;;;;;;;;;
7;7.2;7.2.1;EG_FEC_RNEW;Renewable energy share in the total final energy consumption (%);144;Sri Lanka;G;PERCENT;64.16;62.93;62.1;61.31;61.61;60.08;62.18;60.2;61.58;63.51;61.85;56.42;52.86;56.88;54.23;51.27;45.13;45.77;47.85;46.13;49.3;48.8;;;;;;;;;;;;;;;;;;;;;
7;7.2;7.2.1;EG_FEC_RNEW;Renewable energy share in the total final energy consumption (%);275;State of Palestine;G;PERCENT;17.52;17.12;21.8;21.68;23.08;22.78;18.08;20.48;20.1;16.54;14.06;15.42;12.24;11.74;10.76;10.99;12.32;10.51;12.73;13.86;15.02;15.4;;;;;;;;;;;;;;;;;;;;;
7;7.2;7.2.1;EG_FEC_RNEW;Renewable energy share in the total final energy consumption (%);202;Sub-Saharan Africa;G;PERCENT;72.44;72.28;71.85;71.03;70.53;70.38;70.54;70.16;70.09;70.24;70.88;70.3;69.15;68.03;67.85;68.39;68.47;68.3;67.84;68.39;70.39;69.05;;;;;;;;;;;;;;;;;;;;;
7;7.2;7.2.1;EG_FEC_RNEW;Renewable energy share in the total final energy consumption (%);729;Sudan;G;PERCENT;80.42;79.38;76.76;77;75.4;72.28;69.25;65.62;63.49;63.1;61.31;63.66;63.74;64.29;63.71;61.9;58.87;59.37;59.75;59.39;62.57;60.98;;;;;;;;;;;;;;;;;;;;;
7;7.2;7.2.1;EG_FEC_RNEW;Renewable energy share in the total final energy consumption (%);740;Suriname;G;PERCENT;23.63;24.14;27.79;24.64;22.63;18.88;22.09;24.59;26.19;26.47;22.1;21.16;15.77;17.63;12.85;11.59;11.1;15.53;18.34;14.86;14.57;14.49;;;;;;;;;;;;;;;;;;;;;
7;7.2;7.2.1;EG_FEC_RNEW;Renewable energy share in the total final energy consumption (%);752;Sweden;G;PERCENT;39.82;37.38;35.85;34.56;35.49;39.3;40.08;41.75;43.2;45.71;44.7;45.43;48.29;47.27;48.61;51.91;50.89;51.82;51.56;52.87;57.83;57.9;;;;;;;;;;;;;;;;;;;;;
7;7.2;7.2.1;EG_FEC_RNEW;Renewable energy share in the total final energy consumption (%);756;Switzerland;G;PERCENT;18.19;18.72;18.19;18.03;18.1;18.73;18.07;19.31;19.55;19.97;20.56;20.57;21.88;21.83;22.2;23.94;24.09;24.98;24.2;24.76;26.36;27.69;;;;;;;;;;;;;;;;;;;;;
7;7.2;7.2.1;EG_FEC_RNEW;Renewable energy share in the total final energy consumption (%);760;Syrian Arab Republic;G;PERCENT;2;2.07;1.6;1.9;2.59;2.1;1.82;1.54;1.25;0.91;1.35;1.62;2.03;3.08;2.69;0.58;1.32;1.07;0.89;1;1.1;1.14;;;;;;;;;;;;;;;;;;;;;
7;7.2;7.2.1;EG_FEC_RNEW;Renewable energy share in the total final energy consumption (%);762;Tajikistan;G;PERCENT;62.41;64.07;64.15;64.58;61.41;63.73;61.57;53.79;54.61;60.58;61.83;59.98;55.8;55.12;45.89;48.11;43.67;44.23;41.58;40.07;38.75;34.89;;;;;;;;;;;;;;;;;;;;;
7;7.2;7.2.1;EG_FEC_RNEW;Renewable energy share in the total final energy consumption (%);764;Thailand;G;PERCENT;21.8;19.88;19.9;20.2;19.89;20.11;20.52;21.61;22.62;22.84;22.83;22.95;23.56;23.21;24.41;22.64;22.42;22.24;23.69;23.94;20.93;18.97;;;;;;;;;;;;;;;;;;;;;
7;7.2;7.2.1;EG_FEC_RNEW;Renewable energy share in the total final energy consumption (%);626;Timor-Leste;G;PERCENT;NaN;NaN;48.25;47.85;44.04;43.61;41.9;41.88;39.72;36.91;34.82;32.84;25.61;22.57;18.08;18;12.67;13.21;12.71;11.7;11.45;12.14;;;;;;;;;;;;;;;;;;;;;
7;7.2;7.2.1;EG_FEC_RNEW;Renewable energy share in the total final energy consumption (%);768;Togo;G;PERCENT;77.11;82.05;78.66;74.79;76.14;77.22;79.65;79.9;76.51;63.38;65.81;69.1;72.65;76.19;81.44;81.04;80.65;78.39;76.74;78.63;76.19;75.13;;;;;;;;;;;;;;;;;;;;;
7;7.2;7.2.1;EG_FEC_RNEW;Renewable energy share in the total final energy consumption (%);776;Tonga;G;PERCENT;2.48;2.7;2.48;2.01;2.15;2.15;1.86;2.17;1.99;1.82;1.01;1.14;1.15;1.58;1.7;1.94;2.03;1.96;1.78;1.77;1.89;1.77;;;;;;;;;;;;;;;;;;;;;
7;7.2;7.2.1;EG_FEC_RNEW;Renewable energy share in the total final energy consumption (%);780;Trinidad and Tobago;G;PERCENT;0.76;0.71;0.69;0.6;0.6;0.54;0.55;0.45;0.46;0.49;0.38;0.38;0.37;0.36;0.35;0.37;0.43;0.42;0.46;0.43;0.48;0.46;;;;;;;;;;;;;;;;;;;;;
7;7.2;7.2.1;EG_FEC_RNEW;Renewable energy share in the total final energy consumption (%);788;Tunisia;G;PERCENT;14.24;14.22;14.55;14.13;13.92;14.18;14.32;14.32;14.61;16.07;12.61;13.24;13;13.17;12.86;12.5;12.4;11.82;11.91;12.19;12.87;11.58;;;;;;;;;;;;;;;;;;;;;
7;7.2;7.2.1;EG_FEC_RNEW;Renewable energy share in the total final energy consumption (%);792;Türkiye;G;PERCENT;17.29;18.12;17.49;16.29;16.78;15.34;14.23;12.48;12.53;13.12;14.21;12.68;13.03;13.8;11.51;13.34;13.23;11.4;11.83;14.12;13.72;12.02;;;;;;;;;;;;;;;;;;;;;
7;7.2;7.2.1;EG_FEC_RNEW;Renewable energy share in the total final energy consumption (%);795;Turkmenistan;G;PERCENT;0.1;0.1;0.09;0.08;0.08;0.08;0.09;0.07;0.08;0.08;0.07;0.07;0.05;0.06;0.06;0.06;0.06;0.06;0.06;0.06;0.06;0.06;;;;;;;;;;;;;;;;;;;;;
7;7.2;7.2.1;EG_FEC_RNEW;Renewable energy share in the total final energy consumption (%);796;Turks and Caicos Islands;G;PERCENT;0.45;0.43;0.38;0.39;0.39;0.36;0.35;0.33;0.33;0.34;0.34;0.37;0.37;0.37;0.36;0.38;0.37;0.35;0.41;0.5;0.51;0.76;;;;;;;;;;;;;;;;;;;;;
7;7.2;7.2.1;EG_FEC_RNEW;Renewable energy share in the total final energy consumption (%);798;Tuvalu;G;PERCENT;0.04;0.03;0.02;0.03;0.02;0.02;0.02;0.02;0.2;0.25;0.45;0.21;0.27;0.7;0.65;2.98;7.27;6.98;6.36;6.32;5.04;5.04;;;;;;;;;;;;;;;;;;;;;
7;7.2;7.2.1;EG_FEC_RNEW;Renewable energy share in the total final energy consumption (%);800;Uganda;G;PERCENT;95.29;95.49;95.62;95.55;95.32;94.47;94.21;94.14;94.13;94.26;93.63;93.29;93.45;93.06;92.39;91.7;91.42;91.31;90.52;90.54;91.64;90.95;;;;;;;;;;;;;;;;;;;;;
7;7.2;7.2.1;EG_FEC_RNEW;Renewable energy share in the total final energy consumption (%);804;Ukraine;G;PERCENT;1.25;1.23;1.03;0.99;1.21;1.27;1.75;2.39;2.72;2.96;2.88;2.74;2.86;3.49;3.5;4.15;5.48;6.48;6.92;7.44;8.72;8.87;;;;;;;;;;;;;;;;;;;;;
7;7.2;7.2.1;EG_FEC_RNEW;Renewable energy share in the total final energy consumption (%);784;United Arab Emirates;G;PERCENT;0.08;0.06;0.07;0.07;0.1;0.1;0.11;0.11;0.11;0.11;0.11;0.11;0.1;0.1;0.13;0.12;0.12;0.19;0.3;0.65;0.88;1.01;;;;;;;;;;;;;;;;;;;;;
7;7.2;7.2.1;EG_FEC_RNEW;Renewable energy share in the total final energy consumption (%);826;United Kingdom of Great Britain and Northern Ireland;G;PERCENT;0.96;0.85;0.97;0.93;1.14;1.35;1.55;1.84;2.44;2.97;3.17;3.99;4.21;5.24;6.6;7.73;7.74;8.85;10.15;11.44;13.57;12.15;;;;;;;;;;;;;;;;;;;;;
7;7.2;7.2.1;EG_FEC_RNEW;Renewable energy share in the total final energy consumption (%);834;United Republic of Tanzania;G;PERCENT;93.64;93.1;92.4;92.36;91.29;90.33;89.89;90.56;90.29;90.95;89.39;87.62;85.23;84.46;84.7;82.8;81.74;81.99;81.35;80.42;80.82;78.31;;;;;;;;;;;;;;;;;;;;;
7;7.2;7.2.1;EG_FEC_RNEW;Renewable energy share in the total final energy consumption (%);840;United States of America;G;PERCENT;5.43;4.68;4.84;5.33;5.48;5.84;6.4;6.3;6.85;7.35;7.44;8.36;8.53;8.88;9.02;8.89;9.31;9.71;9.91;10.22;10.96;10.9;;;;;;;;;;;;;;;;;;;;;
7;7.2;7.2.1;EG_FEC_RNEW;Renewable energy share in the total final energy consumption (%);850;United States Virgin Islands;G;PERCENT;0.5;0.55;0.57;0.58;0.59;0.67;0.69;0.69;0.72;0.76;0.74;1.21;1.98;2.9;4.21;5.64;5.66;5.28;5.79;6.19;5.89;5.9;;;;;;;;;;;;;;;;;;;;;
7;7.2;7.2.1;EG_FEC_RNEW;Renewable energy share in the total final energy consumption (%);858;Uruguay;G;PERCENT;38.73;41.63;43.25;43.83;39.31;41.32;37.6;43.2;44.09;44.64;53.29;49.67;47.85;51.87;56.7;59.4;60.32;60.82;60.83;59.34;61.21;57.8;;;;;;;;;;;;;;;;;;;;;
7;7.2;7.2.1;EG_FEC_RNEW;Renewable energy share in the total final energy consumption (%);860;Uzbekistan;G;PERCENT;0.72;0.78;1.02;1.42;1.05;1.62;0.85;0.9;0.8;1.25;1.34;0.95;1.34;1.19;1.4;1.71;1.6;1.74;1.5;1.59;1.03;1;;;;;;;;;;;;;;;;;;;;;
7;7.2;7.2.1;EG_FEC_RNEW;Renewable energy share in the total final energy consumption (%);548;Vanuatu;G;PERCENT;49.49;51.26;53.33;52.73;55.36;54.91;55.28;51.61;52.06;38.66;38.08;35.75;38.98;40.92;31.51;35.62;33.15;35.69;29.7;31.63;26.02;24.64;;;;;;;;;;;;;;;;;;;;;
7;7.2;7.2.1;EG_FEC_RNEW;Renewable energy share in the total final energy consumption (%);862;Venezuela (Bolivarian Republic of);G;PERCENT;15.29;14.03;12.84;13.41;14.64;14.23;15.6;16.64;16.35;16.21;13.79;14.76;13.85;15.43;12.09;15.38;14.55;14.33;14.63;15.76;31.19;33.69;;;;;;;;;;;;;;;;;;;;;
7;7.2;7.2.1;EG_FEC_RNEW;Renewable energy share in the total final energy consumption (%);704;Viet Nam;G;PERCENT;57.73;56.14;52.2;50.83;45.77;44.15;44.25;41.9;39.26;36.97;34.58;36.33;37.91;37.37;36.69;27.76;26.81;28.32;24.34;20.43;18.85;24.23;;;;;;;;;;;;;;;;;;;;;
7;7.2;7.2.1;EG_FEC_RNEW;Renewable energy share in the total final energy consumption (%);876;Wallis and Futuna Islands;G;PERCENT;3.89;4.46;4.49;4.67;3.81;3.74;3.69;3.55;3.66;3.63;3.67;3.62;3.78;3.96;4.01;3.99;3.81;3.84;3.72;3.58;3.32;3.34;;;;;;;;;;;;;;;;;;;;;
7;7.2;7.2.1;EG_FEC_RNEW;Renewable energy share in the total final energy consumption (%);11;Western Africa;G;PERCENT;83.19;81.94;81.66;80.54;81.25;81.4;82.45;83.03;81.99;83.22;81.72;80.31;79.75;77.95;76.77;77.13;76.72;76.86;75.81;75.12;76.06;74.77;;;;;;;;;;;;;;;;;;;;;
7;7.2;7.2.1;EG_FEC_RNEW;Renewable energy share in the total final energy consumption (%);145;Western Asia;G;PERCENT;6.09;5.73;5.8;5.72;5.81;5.28;4.97;4.46;4.19;4.2;4.48;4.07;3.87;4.06;3.44;3.89;3.98;3.78;3.91;4.49;4.67;4.4;;;;;;;;;;;;;;;;;;;;;
7;7.2;7.2.1;EG_FEC_RNEW;Renewable energy share in the total final energy consumption (%);155;Western Europe;G;PERCENT;6.69;6.89;6.8;7.17;7.66;8.12;8.81;10.2;10.56;11.21;11.8;11.89;13.28;13.66;13.96;14.26;14.4;14.91;15.71;16.4;17.99;17.5;;;;;;;;;;;;;;;;;;;;;
7;7.2;7.2.1;EG_FEC_RNEW;Renewable energy share in the total final energy consumption (%);1;World;G;PERCENT;16.87;16.58;16.56;16.39;16.09;15.98;16.01;15.84;15.98;16.38;16.04;16.01;16.27;16.52;16.66;16.7;16.91;17.1;17.31;17.69;19.05;18.71;;;;;;;;;;;;;;;;;;;;;
7;7.2;7.2.1;EG_FEC_RNEW;Renewable energy share in the total final energy consumption (%);887;Yemen;G;PERCENT;0.95;0.89;0.88;0.78;0.75;0.73;0.76;0.76;0.74;0.7;0.78;0.93;1.08;0.76;0.78;1.96;2.64;2.96;2.93;3.03;3.55;3.67;;;;;;;;;;;;;;;;;;;;;
7;7.2;7.2.1;EG_FEC_RNEW;Renewable energy share in the total final energy consumption (%);894;Zambia;G;PERCENT;89.97;89.79;89.63;89.32;89.44;88.91;89.71;90.65;89.78;89.2;89.16;87.93;85.4;85.34;84.61;83.96;83.98;83.46;83.78;86.09;85.45;83.04;;;;;;;;;;;;;;;;;;;;;
7;7.2;7.2.1;EG_FEC_RNEW;Renewable energy share in the total final energy consumption (%);716;Zimbabwe;G;PERCENT;69.5;72.32;74.74;78.01;81.84;80.29;78.7;78.03;81.59;82.58;81.19;77.22;77;79.32;80.75;80.78;81.68;81.98;79.65;81.04;84.06;82.38;;;;;;;;;;;;;;;;;;;;;
